イシュー ID,説明,状態,重要度,ストーリー ポイント,プロジェクト パス,場所の種類,パス,線,列,インシデント ID,ヘルプ リンク,アセンブリ名,アセンブリ バージョン,アセンブリ公開キー,スニペット
NuGet.0002,NuGet パッケージのアップグレードをおすすめします,Active,Potential,1,src\AppHost\AppHost.csproj,File,src\AppHost\AppHost.csproj,,,Aspire.Hosting.AppHost 9.5.2,,,,,"Aspire.Hosting.AppHost, 9.5.2  レコメンデーション：  Remove Aspire.Hosting.AppHost, and replace with new package Aspire.Hosting.AppHost 13.1.0"
NuGet.0002,NuGet パッケージのアップグレードをおすすめします,Active,Potential,1,src\AppHost\AppHost.csproj,File,src\AppHost\AppHost.csproj,,,Aspire.Hosting.Redis 9.5.2,,,,,"Aspire.Hosting.Redis, 9.5.2  レコメンデーション：  Remove Aspire.Hosting.Redis, and replace with new package Aspire.Hosting.Redis 13.1.0"
NuGet.0005,NuGet パッケージは非推奨です,Active,Optional,1,src\AppHost\AppHost.csproj,File,src\AppHost\AppHost.csproj,,,Aspire.Hosting.AppHost 9.5.2,,,,,"Aspire.Hosting.AppHost, 9.5.2  レコメンデーション：  This version is out of support and is no longer maintained. Please upgrade to the latest version. See our support policy for details: https://aka.ms/dotnet/aspire/support Remove Aspire.Hosting.AppHost, and replace with new package Aspire.Hosting.AppHost, 13.1.0"
NuGet.0005,NuGet パッケージは非推奨です,Active,Optional,1,src\AppHost\AppHost.csproj,File,src\AppHost\AppHost.csproj,,,Aspire.Hosting.Redis 9.5.2,,,,,"Aspire.Hosting.Redis, 9.5.2  レコメンデーション：  This version is out of support and is no longer maintained. Please upgrade to the latest version. See our support policy for details: https://aka.ms/dotnet/aspire/support Remove Aspire.Hosting.Redis, and replace with new package Aspire.Hosting.Redis, 13.1.0"
Project.0002,プロジェクトのターゲット フレームワークを変更する必要がある,Active,Mandatory,1,src\AppHost\AppHost.csproj,File,src\AppHost\AppHost.csproj,,,,,,,,現在のターゲット フレームワーク: net9.0 推奨されるターゲット フレームワーク: net10.0
NuGet.0002,NuGet パッケージのアップグレードをおすすめします,Active,Potential,1,src\Services\AttendanceService\API\AttendanceService.API.csproj,File,src\Services\AttendanceService\API\AttendanceService.API.csproj,,,Aspire.StackExchange.Redis 9.5.2,,,,,"Aspire.StackExchange.Redis, 9.5.2  レコメンデーション：  Remove Aspire.StackExchange.Redis, and replace with new package Aspire.StackExchange.Redis 13.1.0"
NuGet.0002,NuGet パッケージのアップグレードをおすすめします,Active,Potential,1,src\Services\AttendanceService\API\AttendanceService.API.csproj,File,src\Services\AttendanceService\API\AttendanceService.API.csproj,,,Microsoft.AspNetCore.Authentication.JwtBearer 9.0.10,,,,,"Microsoft.AspNetCore.Authentication.JwtBearer, 9.0.10  レコメンデーション：  Remove Microsoft.AspNetCore.Authentication.JwtBearer, and replace with new package Microsoft.AspNetCore.Authentication.JwtBearer 10.0.2"
NuGet.0002,NuGet パッケージのアップグレードをおすすめします,Active,Potential,1,src\Services\AttendanceService\API\AttendanceService.API.csproj,File,src\Services\AttendanceService\API\AttendanceService.API.csproj,,,Microsoft.AspNetCore.OpenApi 9.0.10,,,,,"Microsoft.AspNetCore.OpenApi, 9.0.10  レコメンデーション：  Remove Microsoft.AspNetCore.OpenApi, and replace with new package Microsoft.AspNetCore.OpenApi 10.0.2"
NuGet.0005,NuGet パッケージは非推奨です,Active,Optional,1,src\Services\AttendanceService\API\AttendanceService.API.csproj,File,src\Services\AttendanceService\API\AttendanceService.API.csproj,,,Aspire.StackExchange.Redis 9.5.2,,,,,"Aspire.StackExchange.Redis, 9.5.2  レコメンデーション：  This version is out of support and is no longer maintained. Please upgrade to the latest version. See our support policy for details: https://aka.ms/dotnet/aspire/support Remove Aspire.StackExchange.Redis, and replace with new package Aspire.StackExchange.Redis, 13.1.0"
Project.0002,プロジェクトのターゲット フレームワークを変更する必要がある,Active,Mandatory,1,src\Services\AttendanceService\API\AttendanceService.API.csproj,File,src\Services\AttendanceService\API\AttendanceService.API.csproj,,,,,,,,現在のターゲット フレームワーク: net9.0 推奨されるターゲット フレームワーク: net10.0
Api.0003,Behavioral change in selected .NET version,Active,Potential,1,src\Services\AttendanceService\API\AttendanceService.API.csproj,File,src\Services\AttendanceService\API\Program.cs,164,0,"M:Microsoft.AspNetCore.Builder.ExceptionHandlerExtensions.UseExceptionHandler(Microsoft.AspNetCore.Builder.IApplicationBuilder,System.Action{Microsoft.AspNetCore.Builder.IApplicationBuilder})",,,,,"app.UseExceptionHandler(errorApp => {     errorApp.Run(async context =>     {         context.Response.StatusCode = 500;         context.Response.ContentType = ""application/json"";                  var error = context.Features.Get<Microsoft.AspNetCore.Diagnostics.IExceptionHandlerFeature>();         if (error != null)         {             var logger = context.RequestServices.GetRequiredService<ILogger<Program>>();             logger.LogError(error.Error, ""Unhandled exception occurred"");                          await context.Response.WriteAsJsonAsync(new             {                 error = ""内部サーバーエラーが発生しました。"",                 message = app.Environment.IsDevelopment() ? error.Error.Message : ""システム管理者にお問い合わせください。"",                 traceId = context.TraceIdentifier             });         }     }); });"
Api.0003,Behavioral change in selected .NET version,Active,Potential,1,src\Services\AttendanceService\API\AttendanceService.API.csproj,File,src\Services\AttendanceService\API\Program.cs,107,16,T:System.Net.Http.HttpContent,,,,,employees = await response.Content.ReadFromJsonAsync<List<EmployeeDto>>();
Api.0003,Behavioral change in selected .NET version,Active,Potential,1,src\Services\AttendanceService\API\AttendanceService.API.csproj,File,src\Services\AttendanceService\API\Program.cs,78,8,T:System.Uri,,,,,"client.BaseAddress = new Uri(""http://employeeservice-api"");"
Api.0003,Behavioral change in selected .NET version,Active,Potential,1,src\Services\AttendanceService\API\AttendanceService.API.csproj,File,src\Services\AttendanceService\API\Program.cs,78,8,M:System.Uri.#ctor(System.String),,,,,"client.BaseAddress = new Uri(""http://employeeservice-api"");"
Api.0003,Behavioral change in selected .NET version,Active,Potential,1,src\Services\AttendanceService\API\AttendanceService.API.csproj,File,src\Services\AttendanceService\API\Program.cs,78,8,T:System.Uri,,,,,"client.BaseAddress = new Uri(""http://employeeservice-api"");"
Api.0003,Behavioral change in selected .NET version,Active,Potential,1,src\Services\AttendanceService\API\AttendanceService.API.csproj,File,src\Services\AttendanceService\API\Program.cs,75,4,"M:Microsoft.Extensions.DependencyInjection.HttpClientFactoryServiceCollectionExtensions.AddHttpClient(Microsoft.Extensions.DependencyInjection.IServiceCollection,System.String,System.Action{System.Net.Http.HttpClient})",,,,,"builder.Services.AddHttpClient(""EmployeeService"", client =>     {         // Aspire Service Discoveryを使用する場合         client.BaseAddress = new Uri(""http://employeeservice-api"");     });"
Project.0002,プロジェクトのターゲット フレームワークを変更する必要がある,Active,Mandatory,1,src\Services\AttendanceService\Application\AttendanceService.Application.csproj,File,src\Services\AttendanceService\Application\AttendanceService.Application.csproj,,,,,,,,現在のターゲット フレームワーク: net9.0 推奨されるターゲット フレームワーク: net10.0
Project.0002,プロジェクトのターゲット フレームワークを変更する必要がある,Active,Mandatory,1,src\Services\AttendanceService\Domain\AttendanceService.Domain.csproj,File,src\Services\AttendanceService\Domain\AttendanceService.Domain.csproj,,,,,,,,現在のターゲット フレームワーク: net9.0 推奨されるターゲット フレームワーク: net10.0
Project.0002,プロジェクトのターゲット フレームワークを変更する必要がある,Active,Mandatory,1,tests\AttendanceService.Domain.Tests\AttendanceService.Domain.Tests.csproj,File,tests\AttendanceService.Domain.Tests\AttendanceService.Domain.Tests.csproj,,,,,,,,現在のターゲット フレームワーク: net9.0 推奨されるターゲット フレームワーク: net10.0
NuGet.0002,NuGet パッケージのアップグレードをおすすめします,Active,Potential,1,src\Services\AttendanceService\Infrastructure\AttendanceService.Infrastructure.csproj,File,src\Services\AttendanceService\Infrastructure\AttendanceService.Infrastructure.csproj,,,Microsoft.EntityFrameworkCore.Design 9.0.10,,,,,"Microsoft.EntityFrameworkCore.Design, 9.0.10  レコメンデーション：  Remove Microsoft.EntityFrameworkCore.Design, and replace with new package Microsoft.EntityFrameworkCore.Design 10.0.2"
NuGet.0002,NuGet パッケージのアップグレードをおすすめします,Active,Potential,1,src\Services\AttendanceService\Infrastructure\AttendanceService.Infrastructure.csproj,File,src\Services\AttendanceService\Infrastructure\AttendanceService.Infrastructure.csproj,,,Microsoft.EntityFrameworkCore.Sqlite 9.0.10,,,,,"Microsoft.EntityFrameworkCore.Sqlite, 9.0.10  レコメンデーション：  Remove Microsoft.EntityFrameworkCore.Sqlite, and replace with new package Microsoft.EntityFrameworkCore.Sqlite 10.0.2"
Project.0002,プロジェクトのターゲット フレームワークを変更する必要がある,Active,Mandatory,1,src\Services\AttendanceService\Infrastructure\AttendanceService.Infrastructure.csproj,File,src\Services\AttendanceService\Infrastructure\AttendanceService.Infrastructure.csproj,,,,,,,,現在のターゲット フレームワーク: net9.0 推奨されるターゲット フレームワーク: net10.0
NuGet.0002,NuGet パッケージのアップグレードをおすすめします,Active,Potential,1,src\Services\AuthService\API\AuthService.API.csproj,File,src\Services\AuthService\API\AuthService.API.csproj,,,Microsoft.AspNetCore.Identity.EntityFrameworkCore 9.0.10,,,,,"Microsoft.AspNetCore.Identity.EntityFrameworkCore, 9.0.10  レコメンデーション：  Remove Microsoft.AspNetCore.Identity.EntityFrameworkCore, and replace with new package Microsoft.AspNetCore.Identity.EntityFrameworkCore 10.0.2"
NuGet.0002,NuGet パッケージのアップグレードをおすすめします,Active,Potential,1,src\Services\AuthService\API\AuthService.API.csproj,File,src\Services\AuthService\API\AuthService.API.csproj,,,Microsoft.AspNetCore.OpenApi 9.0.10,,,,,"Microsoft.AspNetCore.OpenApi, 9.0.10  レコメンデーション：  Remove Microsoft.AspNetCore.OpenApi, and replace with new package Microsoft.AspNetCore.OpenApi 10.0.2"
NuGet.0002,NuGet パッケージのアップグレードをおすすめします,Active,Potential,1,src\Services\AuthService\API\AuthService.API.csproj,File,src\Services\AuthService\API\AuthService.API.csproj,,,Microsoft.EntityFrameworkCore.Design 9.0.10,,,,,"Microsoft.EntityFrameworkCore.Design, 9.0.10  レコメンデーション：  Remove Microsoft.EntityFrameworkCore.Design, and replace with new package Microsoft.EntityFrameworkCore.Design 10.0.2"
NuGet.0002,NuGet パッケージのアップグレードをおすすめします,Active,Potential,1,src\Services\AuthService\API\AuthService.API.csproj,File,src\Services\AuthService\API\AuthService.API.csproj,,,Microsoft.EntityFrameworkCore.Sqlite 9.0.10,,,,,"Microsoft.EntityFrameworkCore.Sqlite, 9.0.10  レコメンデーション：  Remove Microsoft.EntityFrameworkCore.Sqlite, and replace with new package Microsoft.EntityFrameworkCore.Sqlite 10.0.2"
Project.0002,プロジェクトのターゲット フレームワークを変更する必要がある,Active,Mandatory,1,src\Services\AuthService\API\AuthService.API.csproj,File,src\Services\AuthService\API\AuthService.API.csproj,,,,,,,,現在のターゲット フレームワーク: net9.0 推奨されるターゲット フレームワーク: net10.0
Project.0002,プロジェクトのターゲット フレームワークを変更する必要がある,Active,Mandatory,1,src\Services\AuthService\Application\AuthService.Application.csproj,File,src\Services\AuthService\Application\AuthService.Application.csproj,,,,,,,,現在のターゲット フレームワーク: net9.0 推奨されるターゲット フレームワーク: net10.0
NuGet.0002,NuGet パッケージのアップグレードをおすすめします,Active,Potential,1,src\Services\AuthService\Domain\AuthService.Domain.csproj,File,src\Services\AuthService\Domain\AuthService.Domain.csproj,,,Microsoft.AspNetCore.Identity.EntityFrameworkCore 9.0.10,,,,,"Microsoft.AspNetCore.Identity.EntityFrameworkCore, 9.0.10  レコメンデーション：  Remove Microsoft.AspNetCore.Identity.EntityFrameworkCore, and replace with new package Microsoft.AspNetCore.Identity.EntityFrameworkCore 10.0.2"
Project.0002,プロジェクトのターゲット フレームワークを変更する必要がある,Active,Mandatory,1,src\Services\AuthService\Domain\AuthService.Domain.csproj,File,src\Services\AuthService\Domain\AuthService.Domain.csproj,,,,,,,,現在のターゲット フレームワーク: net9.0 推奨されるターゲット フレームワーク: net10.0
NuGet.0002,NuGet パッケージのアップグレードをおすすめします,Active,Potential,1,src\Services\AuthService\Infrastructure\AuthService.Infrastructure.csproj,File,src\Services\AuthService\Infrastructure\AuthService.Infrastructure.csproj,,,Microsoft.AspNetCore.Identity.EntityFrameworkCore 9.0.10,,,,,"Microsoft.AspNetCore.Identity.EntityFrameworkCore, 9.0.10  レコメンデーション：  Remove Microsoft.AspNetCore.Identity.EntityFrameworkCore, and replace with new package Microsoft.AspNetCore.Identity.EntityFrameworkCore 10.0.2"
NuGet.0002,NuGet パッケージのアップグレードをおすすめします,Active,Potential,1,src\Services\AuthService\Infrastructure\AuthService.Infrastructure.csproj,File,src\Services\AuthService\Infrastructure\AuthService.Infrastructure.csproj,,,Microsoft.EntityFrameworkCore.Design 9.0.10,,,,,"Microsoft.EntityFrameworkCore.Design, 9.0.10  レコメンデーション：  Remove Microsoft.EntityFrameworkCore.Design, and replace with new package Microsoft.EntityFrameworkCore.Design 10.0.2"
NuGet.0002,NuGet パッケージのアップグレードをおすすめします,Active,Potential,1,src\Services\AuthService\Infrastructure\AuthService.Infrastructure.csproj,File,src\Services\AuthService\Infrastructure\AuthService.Infrastructure.csproj,,,Microsoft.EntityFrameworkCore.Sqlite 9.0.10,,,,,"Microsoft.EntityFrameworkCore.Sqlite, 9.0.10  レコメンデーション：  Remove Microsoft.EntityFrameworkCore.Sqlite, and replace with new package Microsoft.EntityFrameworkCore.Sqlite 10.0.2"
Project.0002,プロジェクトのターゲット フレームワークを変更する必要がある,Active,Mandatory,1,src\Services\AuthService\Infrastructure\AuthService.Infrastructure.csproj,File,src\Services\AuthService\Infrastructure\AuthService.Infrastructure.csproj,,,,,,,,現在のターゲット フレームワーク: net9.0 推奨されるターゲット フレームワーク: net10.0
Api.0001,Binary incompatible for selected .NET version,Active,Mandatory,1,src\Services\AuthService\Infrastructure\AuthService.Infrastructure.csproj,File,src\Services\AuthService\Infrastructure\Services\JwtTokenGenerator.cs,62,8,T:System.IdentityModel.Tokens.Jwt.JwtSecurityTokenHandler,,,,,return new JwtSecurityTokenHandler().WriteToken(token);
Api.0001,Binary incompatible for selected .NET version,Active,Mandatory,1,src\Services\AuthService\Infrastructure\AuthService.Infrastructure.csproj,File,src\Services\AuthService\Infrastructure\Services\JwtTokenGenerator.cs,62,8,M:System.IdentityModel.Tokens.Jwt.JwtSecurityTokenHandler.#ctor,,,,,return new JwtSecurityTokenHandler().WriteToken(token);
Api.0001,Binary incompatible for selected .NET version,Active,Mandatory,1,src\Services\AuthService\Infrastructure\AuthService.Infrastructure.csproj,File,src\Services\AuthService\Infrastructure\Services\JwtTokenGenerator.cs,62,8,M:System.IdentityModel.Tokens.Jwt.JwtSecurityTokenHandler.WriteToken(Microsoft.IdentityModel.Tokens.SecurityToken),,,,,return new JwtSecurityTokenHandler().WriteToken(token);
Api.0001,Binary incompatible for selected .NET version,Active,Mandatory,1,src\Services\AuthService\Infrastructure\AuthService.Infrastructure.csproj,File,src\Services\AuthService\Infrastructure\Services\JwtTokenGenerator.cs,54,8,T:System.IdentityModel.Tokens.Jwt.JwtSecurityToken,,,,,"var token = new JwtSecurityToken(             issuer: issuer,             audience: audience,             claims: claims,             expires: DateTime.UtcNow.AddMinutes(expirationMinutes),             signingCredentials: credentials         );"
Api.0001,Binary incompatible for selected .NET version,Active,Mandatory,1,src\Services\AuthService\Infrastructure\AuthService.Infrastructure.csproj,File,src\Services\AuthService\Infrastructure\Services\JwtTokenGenerator.cs,54,8,"M:System.IdentityModel.Tokens.Jwt.JwtSecurityToken.#ctor(System.String,System.String,System.Collections.Generic.IEnumerable{System.Security.Claims.Claim},System.Nullable{System.DateTime},System.Nullable{System.DateTime},Microsoft.IdentityModel.Tokens.SigningCredentials)",,,,,"var token = new JwtSecurityToken(             issuer: issuer,             audience: audience,             claims: claims,             expires: DateTime.UtcNow.AddMinutes(expirationMinutes),             signingCredentials: credentials         );"
Api.0001,Binary incompatible for selected .NET version,Active,Mandatory,1,src\Services\AuthService\Infrastructure\AuthService.Infrastructure.csproj,File,src\Services\AuthService\Infrastructure\Services\JwtTokenGenerator.cs,37,8,T:System.IdentityModel.Tokens.Jwt.JwtRegisteredClaimNames,,,,,"var claims = new List<Claim>         {             new(JwtRegisteredClaimNames.Sub, user.Id),             new(JwtRegisteredClaimNames.UniqueName, user.UserName ?? string.Empty),             new(JwtRegisteredClaimNames.Email, user.Email ?? string.Empty),             new(JwtRegisteredClaimNames.Jti, Guid.NewGuid().ToString()),             new(JwtRegisteredClaimNames.Iat, DateTimeOffset.UtcNow.ToUnixTimeSeconds().ToString(), ClaimValueTypes.Integer64)         };"
Api.0001,Binary incompatible for selected .NET version,Active,Mandatory,1,src\Services\AuthService\Infrastructure\AuthService.Infrastructure.csproj,File,src\Services\AuthService\Infrastructure\Services\JwtTokenGenerator.cs,37,8,F:System.IdentityModel.Tokens.Jwt.JwtRegisteredClaimNames.Iat,,,,,"var claims = new List<Claim>         {             new(JwtRegisteredClaimNames.Sub, user.Id),             new(JwtRegisteredClaimNames.UniqueName, user.UserName ?? string.Empty),             new(JwtRegisteredClaimNames.Email, user.Email ?? string.Empty),             new(JwtRegisteredClaimNames.Jti, Guid.NewGuid().ToString()),             new(JwtRegisteredClaimNames.Iat, DateTimeOffset.UtcNow.ToUnixTimeSeconds().ToString(), ClaimValueTypes.Integer64)         };"
Api.0001,Binary incompatible for selected .NET version,Active,Mandatory,1,src\Services\AuthService\Infrastructure\AuthService.Infrastructure.csproj,File,src\Services\AuthService\Infrastructure\Services\JwtTokenGenerator.cs,37,8,T:System.IdentityModel.Tokens.Jwt.JwtRegisteredClaimNames,,,,,"var claims = new List<Claim>         {             new(JwtRegisteredClaimNames.Sub, user.Id),             new(JwtRegisteredClaimNames.UniqueName, user.UserName ?? string.Empty),             new(JwtRegisteredClaimNames.Email, user.Email ?? string.Empty),             new(JwtRegisteredClaimNames.Jti, Guid.NewGuid().ToString()),             new(JwtRegisteredClaimNames.Iat, DateTimeOffset.UtcNow.ToUnixTimeSeconds().ToString(), ClaimValueTypes.Integer64)         };"
Api.0001,Binary incompatible for selected .NET version,Active,Mandatory,1,src\Services\AuthService\Infrastructure\AuthService.Infrastructure.csproj,File,src\Services\AuthService\Infrastructure\Services\JwtTokenGenerator.cs,37,8,F:System.IdentityModel.Tokens.Jwt.JwtRegisteredClaimNames.Jti,,,,,"var claims = new List<Claim>         {             new(JwtRegisteredClaimNames.Sub, user.Id),             new(JwtRegisteredClaimNames.UniqueName, user.UserName ?? string.Empty),             new(JwtRegisteredClaimNames.Email, user.Email ?? string.Empty),             new(JwtRegisteredClaimNames.Jti, Guid.NewGuid().ToString()),             new(JwtRegisteredClaimNames.Iat, DateTimeOffset.UtcNow.ToUnixTimeSeconds().ToString(), ClaimValueTypes.Integer64)         };"
Api.0001,Binary incompatible for selected .NET version,Active,Mandatory,1,src\Services\AuthService\Infrastructure\AuthService.Infrastructure.csproj,File,src\Services\AuthService\Infrastructure\Services\JwtTokenGenerator.cs,37,8,T:System.IdentityModel.Tokens.Jwt.JwtRegisteredClaimNames,,,,,"var claims = new List<Claim>         {             new(JwtRegisteredClaimNames.Sub, user.Id),             new(JwtRegisteredClaimNames.UniqueName, user.UserName ?? string.Empty),             new(JwtRegisteredClaimNames.Email, user.Email ?? string.Empty),             new(JwtRegisteredClaimNames.Jti, Guid.NewGuid().ToString()),             new(JwtRegisteredClaimNames.Iat, DateTimeOffset.UtcNow.ToUnixTimeSeconds().ToString(), ClaimValueTypes.Integer64)         };"
Api.0001,Binary incompatible for selected .NET version,Active,Mandatory,1,src\Services\AuthService\Infrastructure\AuthService.Infrastructure.csproj,File,src\Services\AuthService\Infrastructure\Services\JwtTokenGenerator.cs,37,8,F:System.IdentityModel.Tokens.Jwt.JwtRegisteredClaimNames.Email,,,,,"var claims = new List<Claim>         {             new(JwtRegisteredClaimNames.Sub, user.Id),             new(JwtRegisteredClaimNames.UniqueName, user.UserName ?? string.Empty),             new(JwtRegisteredClaimNames.Email, user.Email ?? string.Empty),             new(JwtRegisteredClaimNames.Jti, Guid.NewGuid().ToString()),             new(JwtRegisteredClaimNames.Iat, DateTimeOffset.UtcNow.ToUnixTimeSeconds().ToString(), ClaimValueTypes.Integer64)         };"
Api.0001,Binary incompatible for selected .NET version,Active,Mandatory,1,src\Services\AuthService\Infrastructure\AuthService.Infrastructure.csproj,File,src\Services\AuthService\Infrastructure\Services\JwtTokenGenerator.cs,37,8,T:System.IdentityModel.Tokens.Jwt.JwtRegisteredClaimNames,,,,,"var claims = new List<Claim>         {             new(JwtRegisteredClaimNames.Sub, user.Id),             new(JwtRegisteredClaimNames.UniqueName, user.UserName ?? string.Empty),             new(JwtRegisteredClaimNames.Email, user.Email ?? string.Empty),             new(JwtRegisteredClaimNames.Jti, Guid.NewGuid().ToString()),             new(JwtRegisteredClaimNames.Iat, DateTimeOffset.UtcNow.ToUnixTimeSeconds().ToString(), ClaimValueTypes.Integer64)         };"
Api.0001,Binary incompatible for selected .NET version,Active,Mandatory,1,src\Services\AuthService\Infrastructure\AuthService.Infrastructure.csproj,File,src\Services\AuthService\Infrastructure\Services\JwtTokenGenerator.cs,37,8,F:System.IdentityModel.Tokens.Jwt.JwtRegisteredClaimNames.UniqueName,,,,,"var claims = new List<Claim>         {             new(JwtRegisteredClaimNames.Sub, user.Id),             new(JwtRegisteredClaimNames.UniqueName, user.UserName ?? string.Empty),             new(JwtRegisteredClaimNames.Email, user.Email ?? string.Empty),             new(JwtRegisteredClaimNames.Jti, Guid.NewGuid().ToString()),             new(JwtRegisteredClaimNames.Iat, DateTimeOffset.UtcNow.ToUnixTimeSeconds().ToString(), ClaimValueTypes.Integer64)         };"
Api.0001,Binary incompatible for selected .NET version,Active,Mandatory,1,src\Services\AuthService\Infrastructure\AuthService.Infrastructure.csproj,File,src\Services\AuthService\Infrastructure\Services\JwtTokenGenerator.cs,37,8,T:System.IdentityModel.Tokens.Jwt.JwtRegisteredClaimNames,,,,,"var claims = new List<Claim>         {             new(JwtRegisteredClaimNames.Sub, user.Id),             new(JwtRegisteredClaimNames.UniqueName, user.UserName ?? string.Empty),             new(JwtRegisteredClaimNames.Email, user.Email ?? string.Empty),             new(JwtRegisteredClaimNames.Jti, Guid.NewGuid().ToString()),             new(JwtRegisteredClaimNames.Iat, DateTimeOffset.UtcNow.ToUnixTimeSeconds().ToString(), ClaimValueTypes.Integer64)         };"
Api.0001,Binary incompatible for selected .NET version,Active,Mandatory,1,src\Services\AuthService\Infrastructure\AuthService.Infrastructure.csproj,File,src\Services\AuthService\Infrastructure\Services\JwtTokenGenerator.cs,37,8,F:System.IdentityModel.Tokens.Jwt.JwtRegisteredClaimNames.Sub,,,,,"var claims = new List<Claim>         {             new(JwtRegisteredClaimNames.Sub, user.Id),             new(JwtRegisteredClaimNames.UniqueName, user.UserName ?? string.Empty),             new(JwtRegisteredClaimNames.Email, user.Email ?? string.Empty),             new(JwtRegisteredClaimNames.Jti, Guid.NewGuid().ToString()),             new(JwtRegisteredClaimNames.Iat, DateTimeOffset.UtcNow.ToUnixTimeSeconds().ToString(), ClaimValueTypes.Integer64)         };"
Api.0002,Source incompatible for selected .NET version,Active,Potential,1,src\Services\AuthService\Infrastructure\AuthService.Infrastructure.csproj,File,src\Services\AuthService\Infrastructure\DependencyInjection.cs,24,8,T:Microsoft.Extensions.DependencyInjection.IdentityEntityFrameworkBuilderExtensions,,,,,"services.AddIdentity<ApplicationUser, IdentityRole>(options =>         {             // パスワードの要件（開発用に緩和）             options.Password.RequireDigit = true;             options.Password.RequireLowercase = true;             options.Password.RequireUppercase = true;             options.Password.RequireNonAlphanumeric = true;             options.Password.RequiredLength = 8;              // ユーザー設定             options.User.RequireUniqueEmail = true;         })         .AddEntityFrameworkStores<AuthDbContext>()         .AddDefaultTokenProviders();"
Api.0002,Source incompatible for selected .NET version,Active,Potential,1,src\Services\AuthService\Infrastructure\AuthService.Infrastructure.csproj,File,src\Services\AuthService\Infrastructure\DependencyInjection.cs,24,8,M:Microsoft.Extensions.DependencyInjection.IdentityEntityFrameworkBuilderExtensions.AddEntityFrameworkStores``1(Microsoft.AspNetCore.Identity.IdentityBuilder),,,,,"services.AddIdentity<ApplicationUser, IdentityRole>(options =>         {             // パスワードの要件（開発用に緩和）             options.Password.RequireDigit = true;             options.Password.RequireLowercase = true;             options.Password.RequireUppercase = true;             options.Password.RequireNonAlphanumeric = true;             options.Password.RequiredLength = 8;              // ユーザー設定             options.User.RequireUniqueEmail = true;         })         .AddEntityFrameworkStores<AuthDbContext>()         .AddDefaultTokenProviders();"
NuGet.0002,NuGet パッケージのアップグレードをおすすめします,Active,Potential,1,tests\AuthService.Tests\AuthService.Tests.csproj,File,tests\AuthService.Tests\AuthService.Tests.csproj,,,Microsoft.EntityFrameworkCore.InMemory 9.0.10,,,,,"Microsoft.EntityFrameworkCore.InMemory, 9.0.10  レコメンデーション：  Remove Microsoft.EntityFrameworkCore.InMemory, and replace with new package Microsoft.EntityFrameworkCore.InMemory 10.0.2"
NuGet.0002,NuGet パッケージのアップグレードをおすすめします,Active,Potential,1,tests\AuthService.Tests\AuthService.Tests.csproj,File,tests\AuthService.Tests\AuthService.Tests.csproj,,,Microsoft.Extensions.Configuration 9.0.10,,,,,"Microsoft.Extensions.Configuration, 9.0.10  レコメンデーション：  Remove Microsoft.Extensions.Configuration, and replace with new package Microsoft.Extensions.Configuration 10.0.2"
NuGet.0002,NuGet パッケージのアップグレードをおすすめします,Active,Potential,1,tests\AuthService.Tests\AuthService.Tests.csproj,File,tests\AuthService.Tests\AuthService.Tests.csproj,,,Microsoft.Extensions.Configuration.Binder 9.0.10,,,,,"Microsoft.Extensions.Configuration.Binder, 9.0.10  レコメンデーション：  Remove Microsoft.Extensions.Configuration.Binder, and replace with new package Microsoft.Extensions.Configuration.Binder 10.0.2"
NuGet.0002,NuGet パッケージのアップグレードをおすすめします,Active,Potential,1,tests\AuthService.Tests\AuthService.Tests.csproj,File,tests\AuthService.Tests\AuthService.Tests.csproj,,,Microsoft.Extensions.Configuration.EnvironmentVariables 9.0.10,,,,,"Microsoft.Extensions.Configuration.EnvironmentVariables, 9.0.10  レコメンデーション：  Remove Microsoft.Extensions.Configuration.EnvironmentVariables, and replace with new package Microsoft.Extensions.Configuration.EnvironmentVariables 10.0.2"
NuGet.0002,NuGet パッケージのアップグレードをおすすめします,Active,Potential,1,tests\AuthService.Tests\AuthService.Tests.csproj,File,tests\AuthService.Tests\AuthService.Tests.csproj,,,Microsoft.Extensions.Configuration.Json 9.0.10,,,,,"Microsoft.Extensions.Configuration.Json, 9.0.10  レコメンデーション：  Remove Microsoft.Extensions.Configuration.Json, and replace with new package Microsoft.Extensions.Configuration.Json 10.0.2"
Project.0002,プロジェクトのターゲット フレームワークを変更する必要がある,Active,Mandatory,1,tests\AuthService.Tests\AuthService.Tests.csproj,File,tests\AuthService.Tests\AuthService.Tests.csproj,,,,,,,,現在のターゲット フレームワーク: net9.0 推奨されるターゲット フレームワーク: net10.0
Api.0001,Binary incompatible for selected .NET version,Active,Mandatory,1,tests\AuthService.Tests\AuthService.Tests.csproj,File,tests\AuthService.Tests\AuthServiceTests.cs,312,8,P:System.IdentityModel.Tokens.Jwt.JwtSecurityToken.Claims,,,,,"Assert.Contains(jsonToken.Claims, c => c.Type == System.Security.Claims.ClaimTypes.Role && c.Value == ""User"");"
Api.0001,Binary incompatible for selected .NET version,Active,Mandatory,1,tests\AuthService.Tests\AuthService.Tests.csproj,File,tests\AuthService.Tests\AuthServiceTests.cs,311,8,P:System.IdentityModel.Tokens.Jwt.JwtSecurityToken.Audiences,,,,,"Assert.Equal(""TestAudience"", jsonToken.Audiences.First());"
Api.0001,Binary incompatible for selected .NET version,Active,Mandatory,1,tests\AuthService.Tests\AuthService.Tests.csproj,File,tests\AuthService.Tests\AuthServiceTests.cs,310,8,P:System.IdentityModel.Tokens.Jwt.JwtSecurityToken.Issuer,,,,,"Assert.Equal(""TestIssuer"", jsonToken.Issuer);"
Api.0001,Binary incompatible for selected .NET version,Active,Mandatory,1,tests\AuthService.Tests\AuthService.Tests.csproj,File,tests\AuthService.Tests\AuthServiceTests.cs,309,8,T:System.IdentityModel.Tokens.Jwt.JwtRegisteredClaimNames,,,,,"Assert.Equal(request.UserName, jsonToken.Claims.First(c => c.Type == System.IdentityModel.Tokens.Jwt.JwtRegisteredClaimNames.UniqueName).Value);"
Api.0001,Binary incompatible for selected .NET version,Active,Mandatory,1,tests\AuthService.Tests\AuthService.Tests.csproj,File,tests\AuthService.Tests\AuthServiceTests.cs,309,8,F:System.IdentityModel.Tokens.Jwt.JwtRegisteredClaimNames.UniqueName,,,,,"Assert.Equal(request.UserName, jsonToken.Claims.First(c => c.Type == System.IdentityModel.Tokens.Jwt.JwtRegisteredClaimNames.UniqueName).Value);"
Api.0001,Binary incompatible for selected .NET version,Active,Mandatory,1,tests\AuthService.Tests\AuthService.Tests.csproj,File,tests\AuthService.Tests\AuthServiceTests.cs,309,8,P:System.IdentityModel.Tokens.Jwt.JwtSecurityToken.Claims,,,,,"Assert.Equal(request.UserName, jsonToken.Claims.First(c => c.Type == System.IdentityModel.Tokens.Jwt.JwtRegisteredClaimNames.UniqueName).Value);"
Api.0001,Binary incompatible for selected .NET version,Active,Mandatory,1,tests\AuthService.Tests\AuthService.Tests.csproj,File,tests\AuthService.Tests\AuthServiceTests.cs,305,8,M:System.IdentityModel.Tokens.Jwt.JwtSecurityTokenHandler.ReadToken(System.String),,,,,var jsonToken = handler.ReadToken(result.Token) as System.IdentityModel.Tokens.Jwt.JwtSecurityToken;
Api.0001,Binary incompatible for selected .NET version,Active,Mandatory,1,tests\AuthService.Tests\AuthService.Tests.csproj,File,tests\AuthService.Tests\AuthServiceTests.cs,304,8,T:System.IdentityModel.Tokens.Jwt.JwtSecurityTokenHandler,,,,,var handler = new System.IdentityModel.Tokens.Jwt.JwtSecurityTokenHandler();
Api.0001,Binary incompatible for selected .NET version,Active,Mandatory,1,tests\AuthService.Tests\AuthService.Tests.csproj,File,tests\AuthService.Tests\AuthServiceTests.cs,304,8,M:System.IdentityModel.Tokens.Jwt.JwtSecurityTokenHandler.#ctor,,,,,var handler = new System.IdentityModel.Tokens.Jwt.JwtSecurityTokenHandler();
Api.0001,Binary incompatible for selected .NET version,Active,Mandatory,1,tests\AuthService.Tests\AuthService.Tests.csproj,File,tests\AuthService.Tests\AuthServiceTests.cs,282,8,P:System.IdentityModel.Tokens.Jwt.JwtSecurityToken.Claims,,,,,"Assert.Contains(jsonToken.Claims, c => c.Type == System.Security.Claims.ClaimTypes.Role && c.Value == ""Admin"");"
Api.0001,Binary incompatible for selected .NET version,Active,Mandatory,1,tests\AuthService.Tests\AuthService.Tests.csproj,File,tests\AuthService.Tests\AuthServiceTests.cs,281,8,P:System.IdentityModel.Tokens.Jwt.JwtSecurityToken.Audiences,,,,,"Assert.Equal(""TestAudience"", jsonToken.Audiences.First());"
Api.0001,Binary incompatible for selected .NET version,Active,Mandatory,1,tests\AuthService.Tests\AuthService.Tests.csproj,File,tests\AuthService.Tests\AuthServiceTests.cs,280,8,P:System.IdentityModel.Tokens.Jwt.JwtSecurityToken.Issuer,,,,,"Assert.Equal(""TestIssuer"", jsonToken.Issuer);"
Api.0001,Binary incompatible for selected .NET version,Active,Mandatory,1,tests\AuthService.Tests\AuthService.Tests.csproj,File,tests\AuthService.Tests\AuthServiceTests.cs,279,8,P:System.IdentityModel.Tokens.Jwt.JwtSecurityToken.Subject,,,,,"Assert.Equal(user.Id, jsonToken.Subject);"
Api.0001,Binary incompatible for selected .NET version,Active,Mandatory,1,tests\AuthService.Tests\AuthService.Tests.csproj,File,tests\AuthService.Tests\AuthServiceTests.cs,275,8,M:System.IdentityModel.Tokens.Jwt.JwtSecurityTokenHandler.ReadToken(System.String),,,,,var jsonToken = handler.ReadToken(result.Token) as System.IdentityModel.Tokens.Jwt.JwtSecurityToken;
Api.0001,Binary incompatible for selected .NET version,Active,Mandatory,1,tests\AuthService.Tests\AuthService.Tests.csproj,File,tests\AuthService.Tests\AuthServiceTests.cs,274,8,T:System.IdentityModel.Tokens.Jwt.JwtSecurityTokenHandler,,,,,var handler = new System.IdentityModel.Tokens.Jwt.JwtSecurityTokenHandler();
Api.0001,Binary incompatible for selected .NET version,Active,Mandatory,1,tests\AuthService.Tests\AuthService.Tests.csproj,File,tests\AuthService.Tests\AuthServiceTests.cs,274,8,M:System.IdentityModel.Tokens.Jwt.JwtSecurityTokenHandler.#ctor,,,,,var handler = new System.IdentityModel.Tokens.Jwt.JwtSecurityTokenHandler();
Api.0002,Source incompatible for selected .NET version,Active,Potential,1,tests\AuthService.Tests\AuthService.Tests.csproj,File,tests\AuthService.Tests\AuthServiceTests.cs,31,8,T:Microsoft.Extensions.DependencyInjection.IdentityEntityFrameworkBuilderExtensions,,,,,"services.AddIdentity<ApplicationUser, IdentityRole>(options =>         {             options.Password.RequireDigit = false;             options.Password.RequireLowercase = false;             options.Password.RequireUppercase = false;             options.Password.RequireNonAlphanumeric = false;             options.Password.RequiredLength = 6;         })         .AddEntityFrameworkStores<AuthDbContext>()         .AddDefaultTokenProviders();"
Api.0002,Source incompatible for selected .NET version,Active,Potential,1,tests\AuthService.Tests\AuthService.Tests.csproj,File,tests\AuthService.Tests\AuthServiceTests.cs,31,8,M:Microsoft.Extensions.DependencyInjection.IdentityEntityFrameworkBuilderExtensions.AddEntityFrameworkStores``1(Microsoft.AspNetCore.Identity.IdentityBuilder),,,,,"services.AddIdentity<ApplicationUser, IdentityRole>(options =>         {             options.Password.RequireDigit = false;             options.Password.RequireLowercase = false;             options.Password.RequireUppercase = false;             options.Password.RequireNonAlphanumeric = false;             options.Password.RequiredLength = 6;         })         .AddEntityFrameworkStores<AuthDbContext>()         .AddDefaultTokenProviders();"
Api.0002,Source incompatible for selected .NET version,Active,Potential,1,tests\AuthService.Tests\AuthService.Tests.csproj,File,tests\AuthService.Tests\AuthServiceTests.cs,31,8,T:Microsoft.Extensions.DependencyInjection.IdentityEntityFrameworkBuilderExtensions,,,,,"services.AddIdentity<ApplicationUser, IdentityRole>(options =>         {             options.Password.RequireDigit = false;             options.Password.RequireLowercase = false;             options.Password.RequireUppercase = false;             options.Password.RequireNonAlphanumeric = false;             options.Password.RequiredLength = 6;         })         .AddEntityFrameworkStores<AuthDbContext>()         .AddDefaultTokenProviders();"
Api.0002,Source incompatible for selected .NET version,Active,Potential,1,tests\AuthService.Tests\AuthService.Tests.csproj,File,tests\AuthService.Tests\AuthServiceTests.cs,31,8,M:Microsoft.Extensions.DependencyInjection.IdentityEntityFrameworkBuilderExtensions.AddEntityFrameworkStores``1(Microsoft.AspNetCore.Identity.IdentityBuilder),,,,,"services.AddIdentity<ApplicationUser, IdentityRole>(options =>         {             options.Password.RequireDigit = false;             options.Password.RequireLowercase = false;             options.Password.RequireUppercase = false;             options.Password.RequireNonAlphanumeric = false;             options.Password.RequiredLength = 6;         })         .AddEntityFrameworkStores<AuthDbContext>()         .AddDefaultTokenProviders();"
Project.0002,プロジェクトのターゲット フレームワークを変更する必要がある,Active,Mandatory,1,src\WebApps\BlazorWeb\BlazorWeb.csproj,File,src\WebApps\BlazorWeb\BlazorWeb.csproj,,,,,,,,現在のターゲット フレームワーク: net9.0 推奨されるターゲット フレームワーク: net10.0
Api.0002,Source incompatible for selected .NET version,Active,Potential,1,src\WebApps\BlazorWeb\BlazorWeb.csproj,File,src\WebApps\BlazorWeb\Components\Pages\Notifications.razor.aqzd_6rXs3xktbEQ.ide.g.cs,1318,8,M:System.Threading.Tasks.Task.WhenAll(System.ReadOnlySpan{System.Threading.Tasks.Task}),,,,,"await Task.WhenAll(LoadNotifications(), LoadEmployees());"
Api.0003,Behavioral change in selected .NET version,Active,Potential,1,src\WebApps\BlazorWeb\BlazorWeb.csproj,File,src\WebApps\BlazorWeb\Services\EmployeeApiClient.cs,190,12,T:System.Net.Http.HttpContent,,,,,var employee = await response.Content.ReadFromJsonAsync<EmployeeDto>(cancellationToken: cancellationToken);
Api.0003,Behavioral change in selected .NET version,Active,Potential,1,src\WebApps\BlazorWeb\BlazorWeb.csproj,File,src\WebApps\BlazorWeb\Services\EmployeeApiClient.cs,178,16,T:System.Net.Http.HttpContent,,,,,var errorContent = await response.Content.ReadAsStringAsync(cancellationToken);
Api.0003,Behavioral change in selected .NET version,Active,Potential,1,src\WebApps\BlazorWeb\BlazorWeb.csproj,File,src\WebApps\BlazorWeb\Services\EmployeeApiClient.cs,162,12,T:System.Net.Http.HttpContent,,,,,"var httpRequest = new HttpRequestMessage(HttpMethod.Put, $""{ApiBasePath}/{id}"")             {                 Content = JsonContent.Create(request)             };"
Api.0003,Behavioral change in selected .NET version,Active,Potential,1,src\WebApps\BlazorWeb\BlazorWeb.csproj,File,src\WebApps\BlazorWeb\Services\EmployeeApiClient.cs,134,12,T:System.Net.Http.HttpContent,,,,,var employee = await response.Content.ReadFromJsonAsync<EmployeeDto>(cancellationToken: cancellationToken);
Api.0003,Behavioral change in selected .NET version,Active,Potential,1,src\WebApps\BlazorWeb\BlazorWeb.csproj,File,src\WebApps\BlazorWeb\Services\EmployeeApiClient.cs,122,16,T:System.Net.Http.HttpContent,,,,,var errorContent = await response.Content.ReadAsStringAsync(cancellationToken);
Api.0003,Behavioral change in selected .NET version,Active,Potential,1,src\WebApps\BlazorWeb\BlazorWeb.csproj,File,src\WebApps\BlazorWeb\Services\EmployeeApiClient.cs,112,12,T:System.Net.Http.HttpContent,,,,,"var httpRequest = new HttpRequestMessage(HttpMethod.Post, ApiBasePath)             {                 Content = JsonContent.Create(request)             };"
Api.0003,Behavioral change in selected .NET version,Active,Potential,1,src\WebApps\BlazorWeb\BlazorWeb.csproj,File,src\WebApps\BlazorWeb\Services\EmployeeApiClient.cs,89,12,T:System.Net.Http.HttpContent,,,,,var employee = await response.Content.ReadFromJsonAsync<EmployeeDto>(cancellationToken: cancellationToken);
Api.0003,Behavioral change in selected .NET version,Active,Potential,1,src\WebApps\BlazorWeb\BlazorWeb.csproj,File,src\WebApps\BlazorWeb\Services\DepartmentApiClient.cs,226,16,T:System.Net.Http.HttpContent,,,,,var errorContent = await response.Content.ReadAsStringAsync(cancellationToken);
Api.0003,Behavioral change in selected .NET version,Active,Potential,1,src\WebApps\BlazorWeb\BlazorWeb.csproj,File,src\WebApps\BlazorWeb\Services\DepartmentApiClient.cs,190,12,T:System.Net.Http.HttpContent,,,,,var department = await response.Content.ReadFromJsonAsync<DepartmentDto>(cancellationToken: cancellationToken);
Api.0003,Behavioral change in selected .NET version,Active,Potential,1,src\WebApps\BlazorWeb\BlazorWeb.csproj,File,src\WebApps\BlazorWeb\Services\DepartmentApiClient.cs,178,16,T:System.Net.Http.HttpContent,,,,,var errorContent = await response.Content.ReadAsStringAsync(cancellationToken);
Api.0003,Behavioral change in selected .NET version,Active,Potential,1,src\WebApps\BlazorWeb\BlazorWeb.csproj,File,src\WebApps\BlazorWeb\Services\DepartmentApiClient.cs,162,12,T:System.Net.Http.HttpContent,,,,,"var httpRequest = new HttpRequestMessage(HttpMethod.Put, $""{ApiBasePath}/{id}"")             {                 Content = JsonContent.Create(request)             };"
Api.0003,Behavioral change in selected .NET version,Active,Potential,1,src\WebApps\BlazorWeb\BlazorWeb.csproj,File,src\WebApps\BlazorWeb\Services\DepartmentApiClient.cs,134,12,T:System.Net.Http.HttpContent,,,,,var department = await response.Content.ReadFromJsonAsync<DepartmentDto>(cancellationToken: cancellationToken);
Api.0003,Behavioral change in selected .NET version,Active,Potential,1,src\WebApps\BlazorWeb\BlazorWeb.csproj,File,src\WebApps\BlazorWeb\Services\DepartmentApiClient.cs,122,16,T:System.Net.Http.HttpContent,,,,,var errorContent = await response.Content.ReadAsStringAsync(cancellationToken);
Api.0003,Behavioral change in selected .NET version,Active,Potential,1,src\WebApps\BlazorWeb\BlazorWeb.csproj,File,src\WebApps\BlazorWeb\Services\DepartmentApiClient.cs,112,12,T:System.Net.Http.HttpContent,,,,,"var httpRequest = new HttpRequestMessage(HttpMethod.Post, ApiBasePath)             {                 Content = JsonContent.Create(request)             };"
Api.0003,Behavioral change in selected .NET version,Active,Potential,1,src\WebApps\BlazorWeb\BlazorWeb.csproj,File,src\WebApps\BlazorWeb\Services\DepartmentApiClient.cs,89,12,T:System.Net.Http.HttpContent,,,,,var department = await response.Content.ReadFromJsonAsync<DepartmentDto>(cancellationToken: cancellationToken);
Api.0003,Behavioral change in selected .NET version,Active,Potential,1,src\WebApps\BlazorWeb\BlazorWeb.csproj,File,src\WebApps\BlazorWeb\Services\NotificationApiClient.cs,68,8,T:System.Net.Http.HttpContent,,,,,var notification = await response.Content.ReadFromJsonAsync<NotificationDto>();
Api.0003,Behavioral change in selected .NET version,Active,Potential,1,src\WebApps\BlazorWeb\BlazorWeb.csproj,File,src\WebApps\BlazorWeb\Services\NotificationApiClient.cs,55,12,T:System.Net.Http.HttpContent,,,,,return await response.Content.ReadFromJsonAsync<NotificationDto>();
Api.0003,Behavioral change in selected .NET version,Active,Potential,1,src\WebApps\BlazorWeb\BlazorWeb.csproj,File,src\WebApps\BlazorWeb\Services\NotificationApiClient.cs,36,12,T:System.Net.Http.HttpContent,,,,,return await response.Content.ReadFromJsonAsync<IEnumerable<NotificationDto>>() ?? Array.Empty<NotificationDto>();
Api.0003,Behavioral change in selected .NET version,Active,Potential,1,src\WebApps\BlazorWeb\BlazorWeb.csproj,File,src\WebApps\BlazorWeb\Services\NotificationApiClient.cs,21,12,T:System.Net.Http.HttpContent,,,,,return await response.Content.ReadFromJsonAsync<IEnumerable<NotificationDto>>() ?? Array.Empty<NotificationDto>();
Api.0003,Behavioral change in selected .NET version,Active,Potential,1,src\WebApps\BlazorWeb\BlazorWeb.csproj,File,src\WebApps\BlazorWeb\Services\AuthApiClient.cs,95,12,T:System.Net.Http.HttpContent,,,,,var authResponse = await response.Content.ReadFromJsonAsync<AuthResponse>(cancellationToken: cancellationToken);
Api.0003,Behavioral change in selected .NET version,Active,Potential,1,src\WebApps\BlazorWeb\BlazorWeb.csproj,File,src\WebApps\BlazorWeb\Services\AuthApiClient.cs,89,16,T:System.Net.Http.HttpContent,,,,,var errorContent = await response.Content.ReadAsStringAsync(cancellationToken);
Api.0003,Behavioral change in selected .NET version,Active,Potential,1,src\WebApps\BlazorWeb\BlazorWeb.csproj,File,src\WebApps\BlazorWeb\Services\AuthApiClient.cs,46,12,T:System.Net.Http.HttpContent,,,,,var authResponse = await response.Content.ReadFromJsonAsync<AuthResponse>(cancellationToken: cancellationToken);
Api.0003,Behavioral change in selected .NET version,Active,Potential,1,src\WebApps\BlazorWeb\BlazorWeb.csproj,File,src\WebApps\BlazorWeb\Services\AuthApiClient.cs,40,16,T:System.Net.Http.HttpContent,,,,,var errorContent = await response.Content.ReadAsStringAsync(cancellationToken);
Api.0003,Behavioral change in selected .NET version,Active,Potential,1,src\WebApps\BlazorWeb\BlazorWeb.csproj,File,src\WebApps\BlazorWeb\Services\AttendanceApiClient.cs,377,16,T:System.Net.Http.HttpContent,,,,,var errorContent = await response.Content.ReadAsStringAsync(cancellationToken);
Api.0003,Behavioral change in selected .NET version,Active,Potential,1,src\WebApps\BlazorWeb\BlazorWeb.csproj,File,src\WebApps\BlazorWeb\Services\AttendanceApiClient.cs,340,12,T:System.Net.Http.HttpContent,,,,,var attendance = await response.Content.ReadFromJsonAsync<AttendanceDto>(cancellationToken: cancellationToken);
Api.0003,Behavioral change in selected .NET version,Active,Potential,1,src\WebApps\BlazorWeb\BlazorWeb.csproj,File,src\WebApps\BlazorWeb\Services\AttendanceApiClient.cs,328,16,T:System.Net.Http.HttpContent,,,,,var errorContent = await response.Content.ReadAsStringAsync(cancellationToken);
Api.0003,Behavioral change in selected .NET version,Active,Potential,1,src\WebApps\BlazorWeb\BlazorWeb.csproj,File,src\WebApps\BlazorWeb\Services\AttendanceApiClient.cs,318,12,T:System.Net.Http.HttpContent,,,,,"var httpRequest = new HttpRequestMessage(HttpMethod.Put, $""{ApiBasePath}/{id}"")             {                 Content = JsonContent.Create(request)             };"
Api.0003,Behavioral change in selected .NET version,Active,Potential,1,src\WebApps\BlazorWeb\BlazorWeb.csproj,File,src\WebApps\BlazorWeb\Services\AttendanceApiClient.cs,287,12,T:System.Net.Http.HttpContent,,,,,var attendance = await response.Content.ReadFromJsonAsync<AttendanceDto>(cancellationToken: cancellationToken);
Api.0003,Behavioral change in selected .NET version,Active,Potential,1,src\WebApps\BlazorWeb\BlazorWeb.csproj,File,src\WebApps\BlazorWeb\Services\AttendanceApiClient.cs,275,16,T:System.Net.Http.HttpContent,,,,,var errorContent = await response.Content.ReadAsStringAsync(cancellationToken);
Api.0003,Behavioral change in selected .NET version,Active,Potential,1,src\WebApps\BlazorWeb\BlazorWeb.csproj,File,src\WebApps\BlazorWeb\Services\AttendanceApiClient.cs,265,12,T:System.Net.Http.HttpContent,,,,,"var httpRequest = new HttpRequestMessage(HttpMethod.Post, ApiBasePath)             {                 Content = JsonContent.Create(request)             };"
Api.0003,Behavioral change in selected .NET version,Active,Potential,1,src\WebApps\BlazorWeb\BlazorWeb.csproj,File,src\WebApps\BlazorWeb\Services\AttendanceApiClient.cs,202,12,T:System.Net.Http.HttpContent,,,,,var attendance = await response.Content.ReadFromJsonAsync<AttendanceDto>(cancellationToken: cancellationToken);
Api.0003,Behavioral change in selected .NET version,Active,Potential,1,src\WebApps\BlazorWeb\BlazorWeb.csproj,File,src\WebApps\BlazorWeb\Services\AttendanceApiClient.cs,190,16,T:System.Net.Http.HttpContent,,,,,var errorContent = await response.Content.ReadAsStringAsync(cancellationToken);
Api.0003,Behavioral change in selected .NET version,Active,Potential,1,src\WebApps\BlazorWeb\BlazorWeb.csproj,File,src\WebApps\BlazorWeb\Services\AttendanceApiClient.cs,180,12,T:System.Net.Http.HttpContent,,,,,"var httpRequest = new HttpRequestMessage(HttpMethod.Post, $""{ApiBasePath}/checkout"")             {                 Content = JsonContent.Create(request)             };"
Api.0003,Behavioral change in selected .NET version,Active,Potential,1,src\WebApps\BlazorWeb\BlazorWeb.csproj,File,src\WebApps\BlazorWeb\Services\AttendanceApiClient.cs,150,12,T:System.Net.Http.HttpContent,,,,,var attendance = await response.Content.ReadFromJsonAsync<AttendanceDto>(cancellationToken: cancellationToken);
Api.0003,Behavioral change in selected .NET version,Active,Potential,1,src\WebApps\BlazorWeb\BlazorWeb.csproj,File,src\WebApps\BlazorWeb\Services\AttendanceApiClient.cs,138,16,T:System.Net.Http.HttpContent,,,,,var errorContent = await response.Content.ReadAsStringAsync(cancellationToken);
Api.0003,Behavioral change in selected .NET version,Active,Potential,1,src\WebApps\BlazorWeb\BlazorWeb.csproj,File,src\WebApps\BlazorWeb\Services\AttendanceApiClient.cs,128,12,T:System.Net.Http.HttpContent,,,,,"var httpRequest = new HttpRequestMessage(HttpMethod.Post, $""{ApiBasePath}/checkin"")             {                 Content = JsonContent.Create(request)             };"
Api.0003,Behavioral change in selected .NET version,Active,Potential,1,src\WebApps\BlazorWeb\BlazorWeb.csproj,File,src\WebApps\BlazorWeb\Program.cs,59,4,"M:Microsoft.AspNetCore.Builder.ExceptionHandlerExtensions.UseExceptionHandler(Microsoft.AspNetCore.Builder.IApplicationBuilder,System.String,System.Boolean)",,,,,"app.UseExceptionHandler(""/Error"", createScopeForErrors: true);"
Api.0003,Behavioral change in selected .NET version,Active,Potential,1,src\WebApps\BlazorWeb\BlazorWeb.csproj,File,src\WebApps\BlazorWeb\Program.cs,44,4,T:System.Uri,,,,,"client.BaseAddress = new Uri(""http://attendanceservice-api"");"
Api.0003,Behavioral change in selected .NET version,Active,Potential,1,src\WebApps\BlazorWeb\BlazorWeb.csproj,File,src\WebApps\BlazorWeb\Program.cs,44,4,M:System.Uri.#ctor(System.String),,,,,"client.BaseAddress = new Uri(""http://attendanceservice-api"");"
Api.0003,Behavioral change in selected .NET version,Active,Potential,1,src\WebApps\BlazorWeb\BlazorWeb.csproj,File,src\WebApps\BlazorWeb\Program.cs,44,4,T:System.Uri,,,,,"client.BaseAddress = new Uri(""http://attendanceservice-api"");"
Api.0003,Behavioral change in selected .NET version,Active,Potential,1,src\WebApps\BlazorWeb\BlazorWeb.csproj,File,src\WebApps\BlazorWeb\Program.cs,37,4,T:System.Uri,,,,,"client.BaseAddress = new Uri(""http://notificationservice-api"");"
Api.0003,Behavioral change in selected .NET version,Active,Potential,1,src\WebApps\BlazorWeb\BlazorWeb.csproj,File,src\WebApps\BlazorWeb\Program.cs,37,4,M:System.Uri.#ctor(System.String),,,,,"client.BaseAddress = new Uri(""http://notificationservice-api"");"
Api.0003,Behavioral change in selected .NET version,Active,Potential,1,src\WebApps\BlazorWeb\BlazorWeb.csproj,File,src\WebApps\BlazorWeb\Program.cs,37,4,T:System.Uri,,,,,"client.BaseAddress = new Uri(""http://notificationservice-api"");"
Api.0003,Behavioral change in selected .NET version,Active,Potential,1,src\WebApps\BlazorWeb\BlazorWeb.csproj,File,src\WebApps\BlazorWeb\Program.cs,30,4,T:System.Uri,,,,,"client.BaseAddress = new Uri(""http://authservice-api"");"
Api.0003,Behavioral change in selected .NET version,Active,Potential,1,src\WebApps\BlazorWeb\BlazorWeb.csproj,File,src\WebApps\BlazorWeb\Program.cs,30,4,M:System.Uri.#ctor(System.String),,,,,"client.BaseAddress = new Uri(""http://authservice-api"");"
Api.0003,Behavioral change in selected .NET version,Active,Potential,1,src\WebApps\BlazorWeb\BlazorWeb.csproj,File,src\WebApps\BlazorWeb\Program.cs,30,4,T:System.Uri,,,,,"client.BaseAddress = new Uri(""http://authservice-api"");"
Api.0003,Behavioral change in selected .NET version,Active,Potential,1,src\WebApps\BlazorWeb\BlazorWeb.csproj,File,src\WebApps\BlazorWeb\Program.cs,23,4,T:System.Uri,,,,,"client.BaseAddress = new Uri(""http://employeeservice-api"");"
Api.0003,Behavioral change in selected .NET version,Active,Potential,1,src\WebApps\BlazorWeb\BlazorWeb.csproj,File,src\WebApps\BlazorWeb\Program.cs,23,4,M:System.Uri.#ctor(System.String),,,,,"client.BaseAddress = new Uri(""http://employeeservice-api"");"
Api.0003,Behavioral change in selected .NET version,Active,Potential,1,src\WebApps\BlazorWeb\BlazorWeb.csproj,File,src\WebApps\BlazorWeb\Program.cs,23,4,T:System.Uri,,,,,"client.BaseAddress = new Uri(""http://employeeservice-api"");"
Api.0003,Behavioral change in selected .NET version,Active,Potential,1,src\WebApps\BlazorWeb\BlazorWeb.csproj,File,src\WebApps\BlazorWeb\Program.cs,16,4,T:System.Uri,,,,,"client.BaseAddress = new Uri(""http://employeeservice-api"");"
Api.0003,Behavioral change in selected .NET version,Active,Potential,1,src\WebApps\BlazorWeb\BlazorWeb.csproj,File,src\WebApps\BlazorWeb\Program.cs,16,4,M:System.Uri.#ctor(System.String),,,,,"client.BaseAddress = new Uri(""http://employeeservice-api"");"
Api.0003,Behavioral change in selected .NET version,Active,Potential,1,src\WebApps\BlazorWeb\BlazorWeb.csproj,File,src\WebApps\BlazorWeb\Program.cs,16,4,T:System.Uri,,,,,"client.BaseAddress = new Uri(""http://employeeservice-api"");"
NuGet.0002,NuGet パッケージのアップグレードをおすすめします,Active,Potential,1,src\Services\EmployeeService\API\EmployeeService.API.csproj,File,src\Services\EmployeeService\API\EmployeeService.API.csproj,,,Aspire.StackExchange.Redis 9.5.2,,,,,"Aspire.StackExchange.Redis, 9.5.2  レコメンデーション：  Remove Aspire.StackExchange.Redis, and replace with new package Aspire.StackExchange.Redis 13.1.0"
NuGet.0002,NuGet パッケージのアップグレードをおすすめします,Active,Potential,1,src\Services\EmployeeService\API\EmployeeService.API.csproj,File,src\Services\EmployeeService\API\EmployeeService.API.csproj,,,Microsoft.AspNetCore.Authentication.JwtBearer 9.0.10,,,,,"Microsoft.AspNetCore.Authentication.JwtBearer, 9.0.10  レコメンデーション：  Remove Microsoft.AspNetCore.Authentication.JwtBearer, and replace with new package Microsoft.AspNetCore.Authentication.JwtBearer 10.0.2"
NuGet.0002,NuGet パッケージのアップグレードをおすすめします,Active,Potential,1,src\Services\EmployeeService\API\EmployeeService.API.csproj,File,src\Services\EmployeeService\API\EmployeeService.API.csproj,,,Microsoft.AspNetCore.OpenApi 9.0.10,,,,,"Microsoft.AspNetCore.OpenApi, 9.0.10  レコメンデーション：  Remove Microsoft.AspNetCore.OpenApi, and replace with new package Microsoft.AspNetCore.OpenApi 10.0.2"
NuGet.0005,NuGet パッケージは非推奨です,Active,Optional,1,src\Services\EmployeeService\API\EmployeeService.API.csproj,File,src\Services\EmployeeService\API\EmployeeService.API.csproj,,,Aspire.StackExchange.Redis 9.5.2,,,,,"Aspire.StackExchange.Redis, 9.5.2  レコメンデーション：  This version is out of support and is no longer maintained. Please upgrade to the latest version. See our support policy for details: https://aka.ms/dotnet/aspire/support Remove Aspire.StackExchange.Redis, and replace with new package Aspire.StackExchange.Redis, 13.1.0"
Project.0002,プロジェクトのターゲット フレームワークを変更する必要がある,Active,Mandatory,1,src\Services\EmployeeService\API\EmployeeService.API.csproj,File,src\Services\EmployeeService\API\EmployeeService.API.csproj,,,,,,,,現在のターゲット フレームワーク: net9.0 推奨されるターゲット フレームワーク: net10.0
Api.0002,Source incompatible for selected .NET version,Active,Potential,1,src\Services\EmployeeService\API\EmployeeService.API.csproj,File,src\Services\EmployeeService\API\Program.cs,72,8,T:Microsoft.AspNetCore.Authentication.JwtBearer.JwtBearerDefaults,,,,,policy.AuthenticationSchemes.Add(Microsoft.AspNetCore.Authentication.JwtBearer.JwtBearerDefaults.AuthenticationScheme);
Api.0002,Source incompatible for selected .NET version,Active,Potential,1,src\Services\EmployeeService\API\EmployeeService.API.csproj,File,src\Services\EmployeeService\API\Program.cs,72,8,F:Microsoft.AspNetCore.Authentication.JwtBearer.JwtBearerDefaults.AuthenticationScheme,,,,,policy.AuthenticationSchemes.Add(Microsoft.AspNetCore.Authentication.JwtBearer.JwtBearerDefaults.AuthenticationScheme);
Api.0002,Source incompatible for selected .NET version,Active,Potential,1,src\Services\EmployeeService\API\EmployeeService.API.csproj,File,src\Services\EmployeeService\API\Program.cs,49,8,P:Microsoft.AspNetCore.Authentication.JwtBearer.JwtBearerOptions.TokenValidationParameters,,,,,"options.TokenValidationParameters = new Microsoft.IdentityModel.Tokens.TokenValidationParameters          {              ValidateIssuer = true,              ValidateAudience = true,              ValidateLifetime = true,              ValidateIssuerSigningKey = true,              ValidIssuer = issuer,              ValidAudience = audience,              IssuerSigningKey = new Microsoft.IdentityModel.Tokens.SymmetricSecurityKey(                  System.Text.Encoding.UTF8.GetBytes(secretKey))          };"
Api.0002,Source incompatible for selected .NET version,Active,Potential,1,src\Services\EmployeeService\API\EmployeeService.API.csproj,File,src\Services\EmployeeService\API\Program.cs,22,0,T:Microsoft.Extensions.DependencyInjection.JwtBearerExtensions,,,,,"builder.Services.AddAuthentication(options =>  {      // デフォルトスキームをカスタム認証に設定（本番環境用）      options.DefaultAuthenticateScheme = CustomAuthScheme;      options.DefaultChallengeScheme = CustomAuthScheme;  })  .AddScheme<AuthenticationSchemeOptions, CustomAuthenticationHandler>(CustomAuthScheme, null)  .AddJwtBearer(options =>  {      // JWT Bearer認証はテスト環境で使用      var secretKey = builder.Configuration[""Jwt:SecretKey""];      var issuer = builder.Configuration[""Jwt:Issuer""];      var audience = builder.Configuration[""Jwt:Audience""];        // Test環境でのみJWT設定を必須にする      if (builder.Environment.IsEnvironment(""Test""))      {          if (string.IsNullOrEmpty(secretKey))              throw new InvalidOperationException(""JWT SecretKey is not configured"");          if (string.IsNullOrEmpty(issuer))              throw new InvalidOperationException(""JWT Issuer is not configured"");          if (string.IsNullOrEmpty(audience))              throw new InvalidOperationException(""JWT Audience is not configured"");      }        if (!string.IsNullOrEmpty(secretKey) && !string.IsNullOrEmpty(issuer) && !string.IsNullOrEmpty(audience))      {          options.TokenValidationParameters = new Microsoft.IdentityModel.Tokens.TokenValidationParameters          {              ValidateIssuer = true,              ValidateAudience = true,              ValidateLifetime = true,              ValidateIssuerSigningKey = true,              ValidIssuer = issuer,              ValidAudience = audience,              IssuerSigningKey = new Microsoft.IdentityModel.Tokens.SymmetricSecurityKey(                  System.Text.Encoding.UTF8.GetBytes(secretKey))          };      }  });"
Api.0002,Source incompatible for selected .NET version,Active,Potential,1,src\Services\EmployeeService\API\EmployeeService.API.csproj,File,src\Services\EmployeeService\API\Program.cs,22,0,"M:Microsoft.Extensions.DependencyInjection.JwtBearerExtensions.AddJwtBearer(Microsoft.AspNetCore.Authentication.AuthenticationBuilder,System.Action{Microsoft.AspNetCore.Authentication.JwtBearer.JwtBearerOptions})",,,,,"builder.Services.AddAuthentication(options =>  {      // デフォルトスキームをカスタム認証に設定（本番環境用）      options.DefaultAuthenticateScheme = CustomAuthScheme;      options.DefaultChallengeScheme = CustomAuthScheme;  })  .AddScheme<AuthenticationSchemeOptions, CustomAuthenticationHandler>(CustomAuthScheme, null)  .AddJwtBearer(options =>  {      // JWT Bearer認証はテスト環境で使用      var secretKey = builder.Configuration[""Jwt:SecretKey""];      var issuer = builder.Configuration[""Jwt:Issuer""];      var audience = builder.Configuration[""Jwt:Audience""];        // Test環境でのみJWT設定を必須にする      if (builder.Environment.IsEnvironment(""Test""))      {          if (string.IsNullOrEmpty(secretKey))              throw new InvalidOperationException(""JWT SecretKey is not configured"");          if (string.IsNullOrEmpty(issuer))              throw new InvalidOperationException(""JWT Issuer is not configured"");          if (string.IsNullOrEmpty(audience))              throw new InvalidOperationException(""JWT Audience is not configured"");      }        if (!string.IsNullOrEmpty(secretKey) && !string.IsNullOrEmpty(issuer) && !string.IsNullOrEmpty(audience))      {          options.TokenValidationParameters = new Microsoft.IdentityModel.Tokens.TokenValidationParameters          {              ValidateIssuer = true,              ValidateAudience = true,              ValidateLifetime = true,              ValidateIssuerSigningKey = true,              ValidIssuer = issuer,              ValidAudience = audience,              IssuerSigningKey = new Microsoft.IdentityModel.Tokens.SymmetricSecurityKey(                  System.Text.Encoding.UTF8.GetBytes(secretKey))          };      }  });"
Project.0002,プロジェクトのターゲット フレームワークを変更する必要がある,Active,Mandatory,1,src\Services\EmployeeService\Application\EmployeeService.Application.csproj,File,src\Services\EmployeeService\Application\EmployeeService.Application.csproj,,,,,,,,現在のターゲット フレームワーク: net9.0 推奨されるターゲット フレームワーク: net10.0
Project.0002,プロジェクトのターゲット フレームワークを変更する必要がある,Active,Mandatory,1,tests\EmployeeService.Application.Tests\EmployeeService.Application.Tests.csproj,File,tests\EmployeeService.Application.Tests\EmployeeService.Application.Tests.csproj,,,,,,,,現在のターゲット フレームワーク: net9.0 推奨されるターゲット フレームワーク: net10.0
Project.0002,プロジェクトのターゲット フレームワークを変更する必要がある,Active,Mandatory,1,src\Services\EmployeeService\Domain\EmployeeService.Domain.csproj,File,src\Services\EmployeeService\Domain\EmployeeService.Domain.csproj,,,,,,,,現在のターゲット フレームワーク: net9.0 推奨されるターゲット フレームワーク: net10.0
Project.0002,プロジェクトのターゲット フレームワークを変更する必要がある,Active,Mandatory,1,tests\EmployeeService.Domain.Tests\EmployeeService.Domain.Tests.csproj,File,tests\EmployeeService.Domain.Tests\EmployeeService.Domain.Tests.csproj,,,,,,,,現在のターゲット フレームワーク: net9.0 推奨されるターゲット フレームワーク: net10.0
NuGet.0002,NuGet パッケージのアップグレードをおすすめします,Active,Potential,1,src\Services\EmployeeService\Infrastructure\EmployeeService.Infrastructure.csproj,File,src\Services\EmployeeService\Infrastructure\EmployeeService.Infrastructure.csproj,,,Microsoft.EntityFrameworkCore.Design 9.0.10,,,,,"Microsoft.EntityFrameworkCore.Design, 9.0.10  レコメンデーション：  Remove Microsoft.EntityFrameworkCore.Design, and replace with new package Microsoft.EntityFrameworkCore.Design 10.0.2"
NuGet.0002,NuGet パッケージのアップグレードをおすすめします,Active,Potential,1,src\Services\EmployeeService\Infrastructure\EmployeeService.Infrastructure.csproj,File,src\Services\EmployeeService\Infrastructure\EmployeeService.Infrastructure.csproj,,,Microsoft.EntityFrameworkCore.Sqlite 9.0.10,,,,,"Microsoft.EntityFrameworkCore.Sqlite, 9.0.10  レコメンデーション：  Remove Microsoft.EntityFrameworkCore.Sqlite, and replace with new package Microsoft.EntityFrameworkCore.Sqlite 10.0.2"
Project.0002,プロジェクトのターゲット フレームワークを変更する必要がある,Active,Mandatory,1,src\Services\EmployeeService\Infrastructure\EmployeeService.Infrastructure.csproj,File,src\Services\EmployeeService\Infrastructure\EmployeeService.Infrastructure.csproj,,,,,,,,現在のターゲット フレームワーク: net9.0 推奨されるターゲット フレームワーク: net10.0
NuGet.0002,NuGet パッケージのアップグレードをおすすめします,Active,Potential,1,tests\EmployeeService.Integration.Tests\EmployeeService.Integration.Tests.csproj,File,tests\EmployeeService.Integration.Tests\EmployeeService.Integration.Tests.csproj,,,Microsoft.AspNetCore.Mvc.Testing 9.0.10,,,,,"Microsoft.AspNetCore.Mvc.Testing, 9.0.10  レコメンデーション：  Remove Microsoft.AspNetCore.Mvc.Testing, and replace with new package Microsoft.AspNetCore.Mvc.Testing 10.0.2"
NuGet.0002,NuGet パッケージのアップグレードをおすすめします,Active,Potential,1,tests\EmployeeService.Integration.Tests\EmployeeService.Integration.Tests.csproj,File,tests\EmployeeService.Integration.Tests\EmployeeService.Integration.Tests.csproj,,,Microsoft.EntityFrameworkCore.InMemory 9.0.10,,,,,"Microsoft.EntityFrameworkCore.InMemory, 9.0.10  レコメンデーション：  Remove Microsoft.EntityFrameworkCore.InMemory, and replace with new package Microsoft.EntityFrameworkCore.InMemory 10.0.2"
NuGet.0002,NuGet パッケージのアップグレードをおすすめします,Active,Potential,1,tests\EmployeeService.Integration.Tests\EmployeeService.Integration.Tests.csproj,File,tests\EmployeeService.Integration.Tests\EmployeeService.Integration.Tests.csproj,,,Microsoft.Extensions.Configuration 9.0.10,,,,,"Microsoft.Extensions.Configuration, 9.0.10  レコメンデーション：  Remove Microsoft.Extensions.Configuration, and replace with new package Microsoft.Extensions.Configuration 10.0.2"
Project.0002,プロジェクトのターゲット フレームワークを変更する必要がある,Active,Mandatory,1,tests\EmployeeService.Integration.Tests\EmployeeService.Integration.Tests.csproj,File,tests\EmployeeService.Integration.Tests\EmployeeService.Integration.Tests.csproj,,,,,,,,現在のターゲット フレームワーク: net9.0 推奨されるターゲット フレームワーク: net10.0
Api.0001,Binary incompatible for selected .NET version,Active,Mandatory,1,tests\EmployeeService.Integration.Tests\EmployeeService.Integration.Tests.csproj,File,tests\EmployeeService.Integration.Tests\Helpers\JwtTokenHelper.cs,47,8,T:System.IdentityModel.Tokens.Jwt.JwtSecurityTokenHandler,,,,,return new JwtSecurityTokenHandler().WriteToken(token);
Api.0001,Binary incompatible for selected .NET version,Active,Mandatory,1,tests\EmployeeService.Integration.Tests\EmployeeService.Integration.Tests.csproj,File,tests\EmployeeService.Integration.Tests\Helpers\JwtTokenHelper.cs,47,8,M:System.IdentityModel.Tokens.Jwt.JwtSecurityTokenHandler.#ctor,,,,,return new JwtSecurityTokenHandler().WriteToken(token);
Api.0001,Binary incompatible for selected .NET version,Active,Mandatory,1,tests\EmployeeService.Integration.Tests\EmployeeService.Integration.Tests.csproj,File,tests\EmployeeService.Integration.Tests\Helpers\JwtTokenHelper.cs,47,8,M:System.IdentityModel.Tokens.Jwt.JwtSecurityTokenHandler.WriteToken(Microsoft.IdentityModel.Tokens.SecurityToken),,,,,return new JwtSecurityTokenHandler().WriteToken(token);
Api.0001,Binary incompatible for selected .NET version,Active,Mandatory,1,tests\EmployeeService.Integration.Tests\EmployeeService.Integration.Tests.csproj,File,tests\EmployeeService.Integration.Tests\Helpers\JwtTokenHelper.cs,39,8,T:System.IdentityModel.Tokens.Jwt.JwtSecurityToken,,,,,"var token = new JwtSecurityToken(             issuer: Issuer,             audience: Audience,             claims: claims,             expires: DateTime.UtcNow.AddHours(1),             signingCredentials: credentials         );"
Api.0001,Binary incompatible for selected .NET version,Active,Mandatory,1,tests\EmployeeService.Integration.Tests\EmployeeService.Integration.Tests.csproj,File,tests\EmployeeService.Integration.Tests\Helpers\JwtTokenHelper.cs,39,8,"M:System.IdentityModel.Tokens.Jwt.JwtSecurityToken.#ctor(System.String,System.String,System.Collections.Generic.IEnumerable{System.Security.Claims.Claim},System.Nullable{System.DateTime},System.Nullable{System.DateTime},Microsoft.IdentityModel.Tokens.SigningCredentials)",,,,,"var token = new JwtSecurityToken(             issuer: Issuer,             audience: Audience,             claims: claims,             expires: DateTime.UtcNow.AddHours(1),             signingCredentials: credentials         );"
Api.0001,Binary incompatible for selected .NET version,Active,Mandatory,1,tests\EmployeeService.Integration.Tests\EmployeeService.Integration.Tests.csproj,File,tests\EmployeeService.Integration.Tests\Helpers\JwtTokenHelper.cs,25,8,T:System.IdentityModel.Tokens.Jwt.JwtRegisteredClaimNames,,,,,"var claims = new List<Claim>         {             new(JwtRegisteredClaimNames.Sub, userId),             new(JwtRegisteredClaimNames.UniqueName, userName),             new(JwtRegisteredClaimNames.Jti, Guid.NewGuid().ToString()),             new(JwtRegisteredClaimNames.Iat, DateTimeOffset.UtcNow.ToUnixTimeSeconds().ToString(), ClaimValueTypes.Integer64)         };"
Api.0001,Binary incompatible for selected .NET version,Active,Mandatory,1,tests\EmployeeService.Integration.Tests\EmployeeService.Integration.Tests.csproj,File,tests\EmployeeService.Integration.Tests\Helpers\JwtTokenHelper.cs,25,8,F:System.IdentityModel.Tokens.Jwt.JwtRegisteredClaimNames.Iat,,,,,"var claims = new List<Claim>         {             new(JwtRegisteredClaimNames.Sub, userId),             new(JwtRegisteredClaimNames.UniqueName, userName),             new(JwtRegisteredClaimNames.Jti, Guid.NewGuid().ToString()),             new(JwtRegisteredClaimNames.Iat, DateTimeOffset.UtcNow.ToUnixTimeSeconds().ToString(), ClaimValueTypes.Integer64)         };"
Api.0001,Binary incompatible for selected .NET version,Active,Mandatory,1,tests\EmployeeService.Integration.Tests\EmployeeService.Integration.Tests.csproj,File,tests\EmployeeService.Integration.Tests\Helpers\JwtTokenHelper.cs,25,8,T:System.IdentityModel.Tokens.Jwt.JwtRegisteredClaimNames,,,,,"var claims = new List<Claim>         {             new(JwtRegisteredClaimNames.Sub, userId),             new(JwtRegisteredClaimNames.UniqueName, userName),             new(JwtRegisteredClaimNames.Jti, Guid.NewGuid().ToString()),             new(JwtRegisteredClaimNames.Iat, DateTimeOffset.UtcNow.ToUnixTimeSeconds().ToString(), ClaimValueTypes.Integer64)         };"
Api.0001,Binary incompatible for selected .NET version,Active,Mandatory,1,tests\EmployeeService.Integration.Tests\EmployeeService.Integration.Tests.csproj,File,tests\EmployeeService.Integration.Tests\Helpers\JwtTokenHelper.cs,25,8,F:System.IdentityModel.Tokens.Jwt.JwtRegisteredClaimNames.Jti,,,,,"var claims = new List<Claim>         {             new(JwtRegisteredClaimNames.Sub, userId),             new(JwtRegisteredClaimNames.UniqueName, userName),             new(JwtRegisteredClaimNames.Jti, Guid.NewGuid().ToString()),             new(JwtRegisteredClaimNames.Iat, DateTimeOffset.UtcNow.ToUnixTimeSeconds().ToString(), ClaimValueTypes.Integer64)         };"
Api.0001,Binary incompatible for selected .NET version,Active,Mandatory,1,tests\EmployeeService.Integration.Tests\EmployeeService.Integration.Tests.csproj,File,tests\EmployeeService.Integration.Tests\Helpers\JwtTokenHelper.cs,25,8,T:System.IdentityModel.Tokens.Jwt.JwtRegisteredClaimNames,,,,,"var claims = new List<Claim>         {             new(JwtRegisteredClaimNames.Sub, userId),             new(JwtRegisteredClaimNames.UniqueName, userName),             new(JwtRegisteredClaimNames.Jti, Guid.NewGuid().ToString()),             new(JwtRegisteredClaimNames.Iat, DateTimeOffset.UtcNow.ToUnixTimeSeconds().ToString(), ClaimValueTypes.Integer64)         };"
Api.0001,Binary incompatible for selected .NET version,Active,Mandatory,1,tests\EmployeeService.Integration.Tests\EmployeeService.Integration.Tests.csproj,File,tests\EmployeeService.Integration.Tests\Helpers\JwtTokenHelper.cs,25,8,F:System.IdentityModel.Tokens.Jwt.JwtRegisteredClaimNames.UniqueName,,,,,"var claims = new List<Claim>         {             new(JwtRegisteredClaimNames.Sub, userId),             new(JwtRegisteredClaimNames.UniqueName, userName),             new(JwtRegisteredClaimNames.Jti, Guid.NewGuid().ToString()),             new(JwtRegisteredClaimNames.Iat, DateTimeOffset.UtcNow.ToUnixTimeSeconds().ToString(), ClaimValueTypes.Integer64)         };"
Api.0001,Binary incompatible for selected .NET version,Active,Mandatory,1,tests\EmployeeService.Integration.Tests\EmployeeService.Integration.Tests.csproj,File,tests\EmployeeService.Integration.Tests\Helpers\JwtTokenHelper.cs,25,8,T:System.IdentityModel.Tokens.Jwt.JwtRegisteredClaimNames,,,,,"var claims = new List<Claim>         {             new(JwtRegisteredClaimNames.Sub, userId),             new(JwtRegisteredClaimNames.UniqueName, userName),             new(JwtRegisteredClaimNames.Jti, Guid.NewGuid().ToString()),             new(JwtRegisteredClaimNames.Iat, DateTimeOffset.UtcNow.ToUnixTimeSeconds().ToString(), ClaimValueTypes.Integer64)         };"
Api.0001,Binary incompatible for selected .NET version,Active,Mandatory,1,tests\EmployeeService.Integration.Tests\EmployeeService.Integration.Tests.csproj,File,tests\EmployeeService.Integration.Tests\Helpers\JwtTokenHelper.cs,25,8,F:System.IdentityModel.Tokens.Jwt.JwtRegisteredClaimNames.Sub,,,,,"var claims = new List<Claim>         {             new(JwtRegisteredClaimNames.Sub, userId),             new(JwtRegisteredClaimNames.UniqueName, userName),             new(JwtRegisteredClaimNames.Jti, Guid.NewGuid().ToString()),             new(JwtRegisteredClaimNames.Iat, DateTimeOffset.UtcNow.ToUnixTimeSeconds().ToString(), ClaimValueTypes.Integer64)         };"
Api.0003,Behavioral change in selected .NET version,Active,Potential,1,tests\EmployeeService.Integration.Tests\EmployeeService.Integration.Tests.csproj,File,tests\EmployeeService.Integration.Tests\Api\EmployeeApiIntegrationTests.cs,450,8,T:System.Net.Http.HttpContent,,,,,var activities = await response.Content.ReadFromJsonAsync<List<RecentActivityDto>>();
Api.0003,Behavioral change in selected .NET version,Active,Potential,1,tests\EmployeeService.Integration.Tests\EmployeeService.Integration.Tests.csproj,File,tests\EmployeeService.Integration.Tests\Api\EmployeeApiIntegrationTests.cs,419,8,T:System.Net.Http.HttpContent,,,,,var activities = await response.Content.ReadFromJsonAsync<List<RecentActivityDto>>();
Api.0003,Behavioral change in selected .NET version,Active,Potential,1,tests\EmployeeService.Integration.Tests\EmployeeService.Integration.Tests.csproj,File,tests\EmployeeService.Integration.Tests\Api\EmployeeApiIntegrationTests.cs,393,8,T:System.Net.Http.HttpContent,,,,,var activities = await response.Content.ReadFromJsonAsync<IEnumerable<RecentActivityDto>>();
Api.0003,Behavioral change in selected .NET version,Active,Potential,1,tests\EmployeeService.Integration.Tests\EmployeeService.Integration.Tests.csproj,File,tests\EmployeeService.Integration.Tests\Api\EmployeeApiIntegrationTests.cs,377,8,T:System.Net.Http.HttpContent,,,,,var statistics = await response.Content.ReadFromJsonAsync<DashboardStatisticsDto>();
Api.0003,Behavioral change in selected .NET version,Active,Potential,1,tests\EmployeeService.Integration.Tests\EmployeeService.Integration.Tests.csproj,File,tests\EmployeeService.Integration.Tests\Api\EmployeeApiIntegrationTests.cs,325,8,T:System.Net.Http.HttpContent,,,,,var statistics = await response.Content.ReadFromJsonAsync<DashboardStatisticsDto>();
Api.0003,Behavioral change in selected .NET version,Active,Potential,1,tests\EmployeeService.Integration.Tests\EmployeeService.Integration.Tests.csproj,File,tests\EmployeeService.Integration.Tests\Api\EmployeeApiIntegrationTests.cs,254,8,T:System.Net.Http.HttpContent,,,,,var created = await createResponse.Content.ReadFromJsonAsync<EmployeeDto>();
Api.0003,Behavioral change in selected .NET version,Active,Potential,1,tests\EmployeeService.Integration.Tests\EmployeeService.Integration.Tests.csproj,File,tests\EmployeeService.Integration.Tests\Api\EmployeeApiIntegrationTests.cs,208,8,T:System.Net.Http.HttpContent,,,,,var updated = await response.Content.ReadFromJsonAsync<EmployeeDto>();
Api.0003,Behavioral change in selected .NET version,Active,Potential,1,tests\EmployeeService.Integration.Tests\EmployeeService.Integration.Tests.csproj,File,tests\EmployeeService.Integration.Tests\Api\EmployeeApiIntegrationTests.cs,190,8,T:System.Net.Http.HttpContent,,,,,var created = await createResponse.Content.ReadFromJsonAsync<EmployeeDto>();
Api.0003,Behavioral change in selected .NET version,Active,Potential,1,tests\EmployeeService.Integration.Tests\EmployeeService.Integration.Tests.csproj,File,tests\EmployeeService.Integration.Tests\Api\EmployeeApiIntegrationTests.cs,155,8,T:System.Net.Http.HttpContent,,,,,var employee = await response.Content.ReadFromJsonAsync<EmployeeDto>();
Api.0003,Behavioral change in selected .NET version,Active,Potential,1,tests\EmployeeService.Integration.Tests\EmployeeService.Integration.Tests.csproj,File,tests\EmployeeService.Integration.Tests\Api\EmployeeApiIntegrationTests.cs,147,8,T:System.Net.Http.HttpContent,,,,,var created = await createResponse.Content.ReadFromJsonAsync<EmployeeDto>();
Api.0003,Behavioral change in selected .NET version,Active,Potential,1,tests\EmployeeService.Integration.Tests\EmployeeService.Integration.Tests.csproj,File,tests\EmployeeService.Integration.Tests\Api\EmployeeApiIntegrationTests.cs,124,8,T:System.Net.Http.HttpContent,,,,,var created = await response.Content.ReadFromJsonAsync<EmployeeDto>();
Api.0003,Behavioral change in selected .NET version,Active,Potential,1,tests\EmployeeService.Integration.Tests\EmployeeService.Integration.Tests.csproj,File,tests\EmployeeService.Integration.Tests\Api\EmployeeApiIntegrationTests.cs,99,8,T:System.Net.Http.HttpContent,,,,,var employees = await response.Content.ReadFromJsonAsync<List<EmployeeDto>>();
Api.0003,Behavioral change in selected .NET version,Active,Potential,1,tests\EmployeeService.Integration.Tests\EmployeeService.Integration.Tests.csproj,File,tests\EmployeeService.Integration.Tests\Api\DepartmentApiIntegrationTests.cs,253,8,T:System.Net.Http.HttpContent,,,,,var result = await response.Content.ReadFromJsonAsync<List<DepartmentDto>>();
Api.0003,Behavioral change in selected .NET version,Active,Potential,1,tests\EmployeeService.Integration.Tests\EmployeeService.Integration.Tests.csproj,File,tests\EmployeeService.Integration.Tests\Api\DepartmentApiIntegrationTests.cs,203,8,T:System.Net.Http.HttpContent,,,,,var createdDepartment = await createResponse.Content.ReadFromJsonAsync<DepartmentDto>();
Api.0003,Behavioral change in selected .NET version,Active,Potential,1,tests\EmployeeService.Integration.Tests\EmployeeService.Integration.Tests.csproj,File,tests\EmployeeService.Integration.Tests\Api\DepartmentApiIntegrationTests.cs,166,8,T:System.Net.Http.HttpContent,,,,,var updatedDepartment = await response.Content.ReadFromJsonAsync<DepartmentDto>();
Api.0003,Behavioral change in selected .NET version,Active,Potential,1,tests\EmployeeService.Integration.Tests\EmployeeService.Integration.Tests.csproj,File,tests\EmployeeService.Integration.Tests\Api\DepartmentApiIntegrationTests.cs,152,8,T:System.Net.Http.HttpContent,,,,,var createdDepartment = await createResponse.Content.ReadFromJsonAsync<DepartmentDto>();
Api.0003,Behavioral change in selected .NET version,Active,Potential,1,tests\EmployeeService.Integration.Tests\EmployeeService.Integration.Tests.csproj,File,tests\EmployeeService.Integration.Tests\Api\DepartmentApiIntegrationTests.cs,121,8,T:System.Net.Http.HttpContent,,,,,var department = await response.Content.ReadFromJsonAsync<DepartmentDto>();
Api.0003,Behavioral change in selected .NET version,Active,Potential,1,tests\EmployeeService.Integration.Tests\EmployeeService.Integration.Tests.csproj,File,tests\EmployeeService.Integration.Tests\Api\DepartmentApiIntegrationTests.cs,113,8,T:System.Net.Http.HttpContent,,,,,var createdDepartment = await createResponse.Content.ReadFromJsonAsync<DepartmentDto>();
Api.0003,Behavioral change in selected .NET version,Active,Potential,1,tests\EmployeeService.Integration.Tests\EmployeeService.Integration.Tests.csproj,File,tests\EmployeeService.Integration.Tests\Api\DepartmentApiIntegrationTests.cs,95,8,T:System.Net.Http.HttpContent,,,,,var department = await response.Content.ReadFromJsonAsync<DepartmentDto>();
Api.0003,Behavioral change in selected .NET version,Active,Potential,1,tests\EmployeeService.Integration.Tests\EmployeeService.Integration.Tests.csproj,File,tests\EmployeeService.Integration.Tests\Api\DepartmentApiIntegrationTests.cs,74,8,T:System.Net.Http.HttpContent,,,,,var departments = await response.Content.ReadFromJsonAsync<List<DepartmentDto>>();
Api.0003,Behavioral change in selected .NET version,Active,Potential,1,tests\EmployeeService.Integration.Tests\EmployeeService.Integration.Tests.csproj,File,tests\EmployeeService.Integration.Tests\Api\EmployeeAuthorizationTests.cs,236,8,T:System.Net.Http.HttpContent,,,,,var employees = await response.Content.ReadFromJsonAsync<List<EmployeeDto>>();
Api.0003,Behavioral change in selected .NET version,Active,Potential,1,tests\EmployeeService.Integration.Tests\EmployeeService.Integration.Tests.csproj,File,tests\EmployeeService.Integration.Tests\Api\EmployeeAuthorizationTests.cs,207,8,T:System.Net.Http.HttpContent,,,,,var updated = await response.Content.ReadFromJsonAsync<EmployeeDto>();
Api.0003,Behavioral change in selected .NET version,Active,Potential,1,tests\EmployeeService.Integration.Tests\EmployeeService.Integration.Tests.csproj,File,tests\EmployeeService.Integration.Tests\Api\EmployeeAuthorizationTests.cs,189,8,T:System.Net.Http.HttpContent,,,,,var created = await createResponse.Content.ReadFromJsonAsync<EmployeeDto>();
Api.0003,Behavioral change in selected .NET version,Active,Potential,1,tests\EmployeeService.Integration.Tests\EmployeeService.Integration.Tests.csproj,File,tests\EmployeeService.Integration.Tests\Api\EmployeeAuthorizationTests.cs,152,8,T:System.Net.Http.HttpContent,,,,,var created = await createResponse.Content.ReadFromJsonAsync<EmployeeDto>();
Api.0003,Behavioral change in selected .NET version,Active,Potential,1,tests\EmployeeService.Integration.Tests\EmployeeService.Integration.Tests.csproj,File,tests\EmployeeService.Integration.Tests\Api\EmployeeAuthorizationTests.cs,132,8,T:System.Net.Http.HttpContent,,,,,var created = await response.Content.ReadFromJsonAsync<EmployeeDto>();
Api.0003,Behavioral change in selected .NET version,Active,Potential,1,tests\EmployeeService.Integration.Tests\EmployeeService.Integration.Tests.csproj,File,tests\EmployeeService.Integration.Tests\SmokeTests\ApplicationSmokeTests.cs,325,8,T:System.Net.Http.HttpContent,,,,,var employeeList = await listResponse.Content.ReadFromJsonAsync<List<EmployeeDto>>();
Api.0003,Behavioral change in selected .NET version,Active,Potential,1,tests\EmployeeService.Integration.Tests\EmployeeService.Integration.Tests.csproj,File,tests\EmployeeService.Integration.Tests\SmokeTests\ApplicationSmokeTests.cs,271,8,T:System.Net.Http.HttpContent,,,,,var departments = await response.Content.ReadFromJsonAsync<List<DepartmentDto>>();
Api.0003,Behavioral change in selected .NET version,Active,Potential,1,tests\EmployeeService.Integration.Tests\EmployeeService.Integration.Tests.csproj,File,tests\EmployeeService.Integration.Tests\SmokeTests\ApplicationSmokeTests.cs,243,8,T:System.Net.Http.HttpContent,,,,,var createdEmployee = await createResponse.Content.ReadFromJsonAsync<EmployeeDto>();
Api.0003,Behavioral change in selected .NET version,Active,Potential,1,tests\EmployeeService.Integration.Tests\EmployeeService.Integration.Tests.csproj,File,tests\EmployeeService.Integration.Tests\SmokeTests\ApplicationSmokeTests.cs,218,8,T:System.Net.Http.HttpContent,,,,,var updatedEmployee = await detailResponse.Content.ReadFromJsonAsync<EmployeeDto>();
Api.0003,Behavioral change in selected .NET version,Active,Potential,1,tests\EmployeeService.Integration.Tests\EmployeeService.Integration.Tests.csproj,File,tests\EmployeeService.Integration.Tests\SmokeTests\ApplicationSmokeTests.cs,199,8,T:System.Net.Http.HttpContent,,,,,var createdEmployee = await createResponse.Content.ReadFromJsonAsync<EmployeeDto>();
Api.0003,Behavioral change in selected .NET version,Active,Potential,1,tests\EmployeeService.Integration.Tests\EmployeeService.Integration.Tests.csproj,File,tests\EmployeeService.Integration.Tests\SmokeTests\ApplicationSmokeTests.cs,172,8,T:System.Net.Http.HttpContent,,,,,var employeeDetail = await detailResponse.Content.ReadFromJsonAsync<EmployeeDto>();
Api.0003,Behavioral change in selected .NET version,Active,Potential,1,tests\EmployeeService.Integration.Tests\EmployeeService.Integration.Tests.csproj,File,tests\EmployeeService.Integration.Tests\SmokeTests\ApplicationSmokeTests.cs,164,8,T:System.Net.Http.HttpContent,,,,,var createdEmployee = await createResponse.Content.ReadFromJsonAsync<EmployeeDto>();
Api.0003,Behavioral change in selected .NET version,Active,Potential,1,tests\EmployeeService.Integration.Tests\EmployeeService.Integration.Tests.csproj,File,tests\EmployeeService.Integration.Tests\SmokeTests\ApplicationSmokeTests.cs,135,8,T:System.Net.Http.HttpContent,,,,,var employees = await listResponse.Content.ReadFromJsonAsync<List<EmployeeDto>>();
Api.0003,Behavioral change in selected .NET version,Active,Potential,1,tests\EmployeeService.Integration.Tests\EmployeeService.Integration.Tests.csproj,File,tests\EmployeeService.Integration.Tests\SmokeTests\ApplicationSmokeTests.cs,130,8,T:System.Net.Http.HttpContent,,,,,var createdEmployee = await createResponse.Content.ReadFromJsonAsync<EmployeeDto>();
Api.0003,Behavioral change in selected .NET version,Active,Potential,1,tests\EmployeeService.Integration.Tests\EmployeeService.Integration.Tests.csproj,File,tests\EmployeeService.Integration.Tests\SmokeTests\ApplicationSmokeTests.cs,104,8,T:System.Net.Http.HttpContent,,,,,var employees = await response.Content.ReadFromJsonAsync<List<EmployeeDto>>();
NuGet.0002,NuGet パッケージのアップグレードをおすすめします,Active,Potential,1,src\Services\NotificationService\API\NotificationService.API.csproj,File,src\Services\NotificationService\API\NotificationService.API.csproj,,,Aspire.StackExchange.Redis 9.5.2,,,,,"Aspire.StackExchange.Redis, 9.5.2  レコメンデーション：  Remove Aspire.StackExchange.Redis, and replace with new package Aspire.StackExchange.Redis 13.1.0"
NuGet.0002,NuGet パッケージのアップグレードをおすすめします,Active,Potential,1,src\Services\NotificationService\API\NotificationService.API.csproj,File,src\Services\NotificationService\API\NotificationService.API.csproj,,,Microsoft.AspNetCore.OpenApi 9.0.10,,,,,"Microsoft.AspNetCore.OpenApi, 9.0.10  レコメンデーション：  Remove Microsoft.AspNetCore.OpenApi, and replace with new package Microsoft.AspNetCore.OpenApi 10.0.2"
NuGet.0002,NuGet パッケージのアップグレードをおすすめします,Active,Potential,1,src\Services\NotificationService\API\NotificationService.API.csproj,File,src\Services\NotificationService\API\NotificationService.API.csproj,,,Microsoft.EntityFrameworkCore.Design 9.0.10,,,,,"Microsoft.EntityFrameworkCore.Design, 9.0.10  レコメンデーション：  Remove Microsoft.EntityFrameworkCore.Design, and replace with new package Microsoft.EntityFrameworkCore.Design 10.0.2"
NuGet.0005,NuGet パッケージは非推奨です,Active,Optional,1,src\Services\NotificationService\API\NotificationService.API.csproj,File,src\Services\NotificationService\API\NotificationService.API.csproj,,,Aspire.StackExchange.Redis 9.5.2,,,,,"Aspire.StackExchange.Redis, 9.5.2  レコメンデーション：  This version is out of support and is no longer maintained. Please upgrade to the latest version. See our support policy for details: https://aka.ms/dotnet/aspire/support Remove Aspire.StackExchange.Redis, and replace with new package Aspire.StackExchange.Redis, 13.1.0"
Project.0002,プロジェクトのターゲット フレームワークを変更する必要がある,Active,Mandatory,1,src\Services\NotificationService\API\NotificationService.API.csproj,File,src\Services\NotificationService\API\NotificationService.API.csproj,,,,,,,,現在のターゲット フレームワーク: net9.0 推奨されるターゲット フレームワーク: net10.0
NuGet.0002,NuGet パッケージのアップグレードをおすすめします,Active,Potential,1,src\Services\NotificationService\Application\NotificationService.Application.csproj,File,src\Services\NotificationService\Application\NotificationService.Application.csproj,,,Microsoft.Extensions.Logging.Abstractions 9.0.10,,,,,"Microsoft.Extensions.Logging.Abstractions, 9.0.10  レコメンデーション：  Remove Microsoft.Extensions.Logging.Abstractions, and replace with new package Microsoft.Extensions.Logging.Abstractions 10.0.2"
Project.0002,プロジェクトのターゲット フレームワークを変更する必要がある,Active,Mandatory,1,src\Services\NotificationService\Application\NotificationService.Application.csproj,File,src\Services\NotificationService\Application\NotificationService.Application.csproj,,,,,,,,現在のターゲット フレームワーク: net9.0 推奨されるターゲット フレームワーク: net10.0
Project.0002,プロジェクトのターゲット フレームワークを変更する必要がある,Active,Mandatory,1,src\Services\NotificationService\Domain\NotificationService.Domain.csproj,File,src\Services\NotificationService\Domain\NotificationService.Domain.csproj,,,,,,,,現在のターゲット フレームワーク: net9.0 推奨されるターゲット フレームワーク: net10.0
NuGet.0002,NuGet パッケージのアップグレードをおすすめします,Active,Potential,1,src\Services\NotificationService\Infrastructure\NotificationService.Infrastructure.csproj,File,src\Services\NotificationService\Infrastructure\NotificationService.Infrastructure.csproj,,,Microsoft.EntityFrameworkCore 9.0.10,,,,,"Microsoft.EntityFrameworkCore, 9.0.10  レコメンデーション：  Remove Microsoft.EntityFrameworkCore, and replace with new package Microsoft.EntityFrameworkCore 10.0.2"
NuGet.0002,NuGet パッケージのアップグレードをおすすめします,Active,Potential,1,src\Services\NotificationService\Infrastructure\NotificationService.Infrastructure.csproj,File,src\Services\NotificationService\Infrastructure\NotificationService.Infrastructure.csproj,,,Microsoft.EntityFrameworkCore.Sqlite 9.0.10,,,,,"Microsoft.EntityFrameworkCore.Sqlite, 9.0.10  レコメンデーション：  Remove Microsoft.EntityFrameworkCore.Sqlite, and replace with new package Microsoft.EntityFrameworkCore.Sqlite 10.0.2"
NuGet.0002,NuGet パッケージのアップグレードをおすすめします,Active,Potential,1,src\Services\NotificationService\Infrastructure\NotificationService.Infrastructure.csproj,File,src\Services\NotificationService\Infrastructure\NotificationService.Infrastructure.csproj,,,Microsoft.Extensions.Hosting.Abstractions 9.0.10,,,,,"Microsoft.Extensions.Hosting.Abstractions, 9.0.10  レコメンデーション：  Remove Microsoft.Extensions.Hosting.Abstractions, and replace with new package Microsoft.Extensions.Hosting.Abstractions 10.0.2"
Project.0002,プロジェクトのターゲット フレームワークを変更する必要がある,Active,Mandatory,1,src\Services\NotificationService\Infrastructure\NotificationService.Infrastructure.csproj,File,src\Services\NotificationService\Infrastructure\NotificationService.Infrastructure.csproj,,,,,,,,現在のターゲット フレームワーク: net9.0 推奨されるターゲット フレームワーク: net10.0
NuGet.0002,NuGet パッケージのアップグレードをおすすめします,Active,Potential,1,src\ServiceDefaults\ServiceDefaults.csproj,File,src\ServiceDefaults\ServiceDefaults.csproj,,,Microsoft.Extensions.Http.Resilience 9.10.0,,,,,"Microsoft.Extensions.Http.Resilience, 9.10.0  レコメンデーション：  Remove Microsoft.Extensions.Http.Resilience, and replace with new package Microsoft.Extensions.Http.Resilience 10.2.0"
NuGet.0002,NuGet パッケージのアップグレードをおすすめします,Active,Potential,1,src\ServiceDefaults\ServiceDefaults.csproj,File,src\ServiceDefaults\ServiceDefaults.csproj,,,Microsoft.Extensions.ServiceDiscovery 9.5.2,,,,,"Microsoft.Extensions.ServiceDiscovery, 9.5.2  レコメンデーション：  Remove Microsoft.Extensions.ServiceDiscovery, and replace with new package Microsoft.Extensions.ServiceDiscovery 10.2.0"
NuGet.0002,NuGet パッケージのアップグレードをおすすめします,Active,Potential,1,src\ServiceDefaults\ServiceDefaults.csproj,File,src\ServiceDefaults\ServiceDefaults.csproj,,,OpenTelemetry.Instrumentation.AspNetCore 1.13.0,,,,,"OpenTelemetry.Instrumentation.AspNetCore, 1.13.0  レコメンデーション：  Remove OpenTelemetry.Instrumentation.AspNetCore, and replace with new package OpenTelemetry.Instrumentation.AspNetCore 1.14.0"
NuGet.0002,NuGet パッケージのアップグレードをおすすめします,Active,Potential,1,src\ServiceDefaults\ServiceDefaults.csproj,File,src\ServiceDefaults\ServiceDefaults.csproj,,,OpenTelemetry.Instrumentation.Http 1.13.0,,,,,"OpenTelemetry.Instrumentation.Http, 1.13.0  レコメンデーション：  Remove OpenTelemetry.Instrumentation.Http, and replace with new package OpenTelemetry.Instrumentation.Http 1.14.0"
Project.0002,プロジェクトのターゲット フレームワークを変更する必要がある,Active,Mandatory,1,src\ServiceDefaults\ServiceDefaults.csproj,File,src\ServiceDefaults\ServiceDefaults.csproj,,,,,,,,現在のターゲット フレームワーク: net9.0 推奨されるターゲット フレームワーク: net10.0
Project.0002,プロジェクトのターゲット フレームワークを変更する必要がある,Active,Mandatory,1,src\Shared\Contracts\Shared.Contracts.csproj,File,src\Shared\Contracts\Shared.Contracts.csproj,,,,,,,,現在のターゲット フレームワーク: net9.0 推奨されるターゲット フレームワーク: net10.0
